T,S
0,0
0.02,0
0.04,0
0.06,0
0.08,0
0.1,0
0.12,0
0.14,0
0.16,0
0.18,0
0.2,0
0.22,0
0.24,0
0.26,0
0.28,0
0.3,0
0.32,0
0.34,0
0.36,0
0.38,0
0.4,0
0.42,0
0.44,0
0.46,0
0.48,0
0.5,0
0.52,0
0.54,0
0.56,0
0.58,0
0.6,0
0.62,0
0.64,0
0.66,0
0.68,0
0.7,0
0.72,0
0.74,0
0.76,0
0.78,0
0.8,0
0.82,0
0.84,0
0.86,0
0.88,0
0.9,0
0.92,0
0.94,0
0.96,0
0.98,0
1,0
1.02,0
1.04,0
1.06,0
1.08,0
1.1,0
1.12,0
1.14,0
1.16,0
1.18,0
1.2,0
1.22,0
1.24,0
1.26,0
1.28,0
1.3,0
1.32,0
1.34,0
1.36,0
1.38,0
1.4,0
1.42,0
1.44,0
1.46,0
1.48,0
1.5,0
1.52,0
1.54,0
1.56,0
1.58,0
1.6,0
1.62,0
1.64,0
1.66,0
1.68,0
1.7,0
1.72,0
1.74,0
1.76,0
1.78,0
1.8,0
1.82,0
1.84,0
1.86,0
1.88,0
1.9,0
1.92,0
1.94,0
1.96,0
1.98,0
2,0
2.02,0
2.04,0
2.06,0
2.08,0
2.1,0
2.12,0
2.14,0
2.16,0
2.18,0
2.2,0
2.22,0
2.24,0
2.26,0
2.28,0
2.3,0
2.32,0
2.34,0
2.36,0
2.38,0
2.4,0
2.42,0
2.44,0
2.46,0
2.48,0
2.5,0
2.52,0
2.54,0
2.56,0
2.58,0
2.6,0
2.62,0
2.64,0
2.66,0
2.68,0
2.7,0
2.72,0
2.74,0
2.76,0
2.78,0
2.8,0
2.82,0
2.84,0
2.86,0
2.88,0
2.9,0
2.92,0
2.94,0
2.96,0
2.98,0
3,0
3.02,0
3.04,0
3.06,0
3.08,0
3.1,0
3.12,0
3.14,0
3.16,0
3.18,0
3.2,0
3.22,0
3.24,0
3.26,0
3.28,0
3.3,0
3.32,0
3.34,0
3.36,0
3.38,0
3.4,0
3.42,0
3.44,0
3.46,0
3.48,0
3.5,0
3.52,0
3.54,0
3.56,0
3.58,0
3.6,0
3.62,0
3.64,0
3.66,0
3.68,0
3.7,0
3.72,0
3.74,0
3.76,0
3.78,0
3.8,0
3.82,0
3.84,0
3.86,0
3.88,0
3.9,0
3.92,0
3.94,0
3.96,0
3.98,0
4,0
4.02,0
4.04,0
4.06,0
4.08,0
4.1,0
4.12,0
4.14,0
4.16,0
4.18,0
4.2,0
4.22,0
4.24,0
4.26,0
4.28,0
4.3,0
4.32,0
4.34,0
4.36,0
4.38,0
4.4,0
4.42,0
4.44,0
4.46,0
4.48,0
4.5,0
4.52,0
4.54,0
4.56,0
4.58,0
4.6,0
4.62,0
4.64,0
4.66,0
4.68,0
4.7,0
4.72,0
4.74,0
4.76,0
4.78,0
4.8,0
4.82,0
4.84,0
4.86,0
4.88,0
4.9,0
4.92,0
4.94,0
4.96,0
4.98,0
5,0
5.02,0
5.04,0
5.06,0
5.08,0
5.1,0
5.12,0
5.14,0
5.16,0
5.18,0
5.2,0
5.22,0
5.24,0
5.26,0
5.28,0
5.3,0
5.32,0
5.34,0
5.36,0
5.38,0
5.4,0
5.42,0
5.44,0
5.46,0
5.48,0
5.5,0
5.52,0
5.54,0
5.56,0
5.58,0
5.6,0
5.62,0
5.64,0
5.66,0
5.68,0
5.7,0
5.72,0
5.74,0
5.76,0
5.78,0
5.8,0
5.82,0
5.84,0
5.86,0
5.88,0
5.9,0
5.92,0
5.94,0
5.96,0
5.98,0
6,0
6.02,0
6.04,0
6.06,0
6.08,0
6.1,0
6.12,0
6.14,0
6.16,0
6.18,0
6.2,0
6.22,0
6.24,0
6.26,0
6.28,0
6.3,0
6.32,0
6.34,0
6.36,0
6.38,0
6.4,0
6.42,0
6.44,0
6.46,0
6.48,0
6.5,0
6.52,0
6.54,0
6.56,0
6.58,0
6.6,0
6.62,0
6.64,0
6.66,0
6.68,0
6.7,0
6.72,0
6.74,0
6.76,0
6.78,0
6.8,0
6.82,0
6.84,0
6.86,0
6.88,0
6.9,0
6.92,0
6.94,0
6.96,0
6.98,0
7,0
7.02,0
7.04,0
7.06,0
7.08,0
7.1,0
7.12,0
7.14,0
7.16,0
7.18,0
7.2,0
7.22,0
7.24,0
7.26,0
7.28,0
7.3,0
7.32,0
7.34,0
7.36,0
7.38,0
7.4,0
7.42,0
7.44,0
7.46,0
7.48,0
7.5,0
7.52,0
7.54,0
7.56,0
7.58,0
7.6,0
7.62,0
7.64,0
7.66,0
7.68,0
7.7,0
7.72,0
7.74,0
7.76,0
7.78,0
7.8,0
7.82,0
7.84,0
7.86,0
7.88,0
7.9,0
7.92,0
7.94,0
7.96,0
7.98,0
8,0
8.02,0
8.04,0
8.06,0
8.08,0
8.1,0
8.12,0
8.14,0
8.16,0
8.18,0
8.2,0
8.22,0
8.24,0
8.26,0
8.28,0
8.3,0
8.32,0
8.34,0
8.36,0
8.38,0
8.4,0
8.42,0
8.44,0
8.46,0
8.48,0
8.5,0
8.52,0
8.54,0
8.56,0
8.58,0
8.6,0
8.62,0
8.64,0
8.66,0
8.68,0
8.7,0
8.72,0
8.74,0
8.76,0
8.78,0
8.8,0
8.82,0
8.84,0
8.86,0
8.88,0
8.9,0
8.92,0
8.94,0
8.96,0
8.98,0
9,0
9.02,0
9.04,0
9.06,0
9.08,0
9.1,0
9.12,0
9.14,0
9.16,0
9.18,0
9.2,0
9.22,0
9.24,0
9.26,0
9.28,0
9.3,0
9.32,0
9.34,0
9.36,0
9.38,0
9.4,0
9.42,0
9.44,0
9.46,0
9.48,0
9.5,0
9.52,0
9.54,0
9.56,0
9.58,0
9.6,0
9.62,0
9.64,0
9.66,0
9.68,0
9.7,0
9.72,0
9.74,0
9.76,0
9.78,0
9.8,0
9.82,0
9.84,0
9.86,0
9.88,0
9.9,0
9.92,0
9.94,0
9.96,0
9.98,0
10,0
10.02,0
10.04,0
10.06,0
10.08,0
10.1,0
10.12,0
10.14,0
10.16,0
10.18,0
10.2,0
10.22,0
10.24,0
10.26,0
10.28,0
10.3,0
10.32,0
10.34,0
10.36,0
10.38,0
10.4,0
10.42,0
10.44,0
10.46,0
10.48,0
10.5,0
10.52,0
10.54,0
10.56,0
10.58,0
10.6,0
10.62,0
10.64,0
10.66,0
10.68,0
10.7,0
10.72,0
10.74,0
10.76,0
10.78,0
10.8,0
10.82,0
10.84,0
10.86,0
10.88,0
10.9,0
10.92,0
10.94,0
10.96,0
10.98,0
11,0
11.02,0
11.04,0
11.06,0
11.08,0
11.1,0
11.12,0
11.14,0
11.16,0
11.18,0
11.2,0
11.22,0
11.24,0
11.26,0
11.28,0
11.3,0
11.32,0
11.34,0
11.36,0
11.38,0
11.4,0
11.42,0
11.44,0
11.46,0
11.48,0
11.5,0
11.52,0
11.54,0
11.56,0
11.58,0
11.6,0
11.62,0
11.64,0
11.66,0
11.68,0
11.7,0
11.72,0
11.74,0
11.76,0
11.78,0
11.8,0
11.82,0
11.84,0
11.86,0
11.88,0
11.9,0
11.92,0
11.94,0
11.96,0
11.98,0
12,0
12.02,0
12.04,0
12.06,0
12.08,0
12.1,0
12.12,0
12.14,0
12.16,0
12.18,0
12.2,0
12.22,0
12.24,0
12.26,0
12.28,0
12.3,0
12.32,0
12.34,0
12.36,0
12.38,0
12.4,0
12.42,0
12.44,0
12.46,0
12.48,0
12.5,0
12.52,0
12.54,0
12.56,0
12.58,0
12.6,0
12.62,0
12.64,0
12.66,0
12.68,0
12.7,0
12.72,0
12.74,0
12.76,0
12.78,0
12.8,0
12.82,0
12.84,0
12.86,0
12.88,0
12.9,0
12.92,0
12.94,0
12.96,0
12.98,0
13,0
13.02,0
13.04,0
13.06,0
13.08,0
13.1,0
13.12,0
13.14,0
13.16,0
13.18,0
13.2,0
13.22,0
13.24,0
13.26,0
13.28,0
13.3,0
13.32,0
13.34,0
13.36,0
13.38,0
13.4,0
13.42,0
13.44,0
13.46,0
13.48,0
13.5,0
13.52,0
13.54,0
13.56,0
13.58,0
13.6,0
13.62,0
13.64,0
13.66,0
13.68,0
13.7,0
13.72,0
13.74,0
13.76,0
13.78,0
13.8,0
13.82,0
13.84,0
13.86,0
13.88,0
13.9,0
13.92,0
13.94,0
13.96,0
13.98,0
14,0
14.02,0
14.04,0
14.06,0
14.08,0
14.1,0
14.12,0
14.14,0
14.16,0
14.18,0
14.2,0
14.22,0
14.24,0
14.26,0
14.28,0
14.3,0
14.32,0
14.34,0
14.36,0
14.38,0
14.4,0
14.42,0
14.44,0
14.46,0
14.48,0
14.5,0
14.52,0
14.54,0
14.56,0
14.58,0
14.6,0
14.62,0
14.64,0
14.66,0
14.68,0
14.7,0
14.72,0
14.74,0
14.76,0
14.78,0
14.8,0
14.82,0
14.84,0
14.86,0
14.88,0
14.9,0
14.92,0
14.94,0
14.96,0
14.98,0
15,0
15.02,0
15.04,0
15.06,0
15.08,0
15.1,0
15.12,0
15.14,0
15.16,0
15.18,0
15.2,0
15.22,0
15.24,0
15.26,0
15.28,0
15.3,0
15.32,0
15.34,0
15.36,0
15.38,0
15.4,0
15.42,0
15.44,0
15.46,0
15.48,0
15.5,0
15.52,0
15.54,0
15.56,0
15.58,0
15.6,0
15.62,0
15.64,0
15.66,0
15.68,0
15.7,0
15.72,0
15.74,0
15.76,0
15.78,0
15.8,0
15.82,0
15.84,0
15.86,0
15.88,0
15.9,0
15.92,0
15.94,0
15.96,0
15.98,0
16,0
16.02,0
16.04,0
16.06,0
16.08,0
16.1,0
16.12,0
16.14,0
16.16,0
16.18,0
16.2,0
16.22,0
16.24,0
16.26,0
16.28,0
16.3,0
16.32,0
16.34,0
16.36,0
16.38,0
16.4,0
16.42,0
16.44,0
16.46,0
16.48,0
16.5,0
16.52,0
16.54,0
16.56,0
16.58,0
16.6,0
16.62,0
16.64,0
16.66,0
16.68,0
16.7,0
16.72,0
16.74,0
16.76,0
16.78,0
16.8,0
16.82,0
16.84,0
16.86,0
16.88,0
16.9,0
16.92,0
16.94,0
16.96,0
16.98,0
17,0
17.02,0
17.04,0
17.06,0
17.08,0
17.1,0
17.12,0
17.14,0
17.16,0
17.18,0
17.2,0
17.22,0
17.24,0
17.26,0
17.28,0
17.3,0
17.32,0
17.34,0
17.36,0
17.38,0
17.4,0
17.42,0
17.44,0
17.46,0
17.48,0
17.5,0
17.52,0
17.54,0
17.56,0
17.58,0
17.6,0
17.62,0
17.64,0
17.66,0
17.68,0
17.7,0
17.72,0
17.74,0
17.76,0
17.78,0
17.8,0
17.82,0
17.84,0
17.86,0
17.88,0
17.9,0
17.92,0
17.94,0
17.96,0
17.98,0
18,0
18.02,0
18.04,0
18.06,0
18.08,0
18.1,0
18.12,0
18.14,0
18.16,0
18.18,0
18.2,0
18.22,0
18.24,0
18.26,0
18.28,0
18.3,0
18.32,0
18.34,0
18.36,0
18.38,0
18.4,0
18.42,0
18.44,0
18.46,0
18.48,0
18.5,0
18.52,0
18.54,0
18.56,0
18.58,0
18.6,0
18.62,0
18.64,0
18.66,0
18.68,0
18.7,0
18.72,0
18.74,0
18.76,0
18.78,0
18.8,0
18.82,0
18.84,0
18.86,0
18.88,0
18.9,0
18.92,0
18.94,0
18.96,0
18.98,0
19,0
19.02,0
19.04,0
19.06,0
19.08,0
19.1,0
19.12,0
19.14,0
19.16,0
19.18,0
19.2,0
19.22,0
19.24,0
19.26,0
19.28,0
19.3,0
19.32,0
19.34,0
19.36,0
19.38,0
19.4,0
19.42,0
19.44,0
19.46,0
19.48,0
19.5,0
19.52,0
19.54,0
19.56,0
19.58,0
19.6,0
19.62,0
19.64,0
19.66,0
19.68,0
19.7,0
19.72,0
19.74,0
19.76,0
19.78,0
19.8,0
19.82,0
19.84,0
19.86,0
19.88,0
19.9,0
19.92,0
19.94,0
19.96,0
19.98,0
20,0
20.02,0
20.04,0
20.06,0
20.08,0
20.1,0
20.12,0
20.14,0
20.16,0
20.18,0
20.2,0
20.22,0
20.24,0
20.26,0
20.28,0
20.3,0
20.32,0
20.34,0
20.36,0
20.38,0
20.4,0
20.42,0
20.44,0
20.46,0
20.48,0
20.5,0
20.52,0
20.54,0
20.56,0
20.58,0
20.6,0
20.62,0
20.64,0
20.66,0
20.68,0
20.7,0
20.72,0
20.74,0
20.76,0
20.78,0
20.8,0
20.82,0
20.84,0
20.86,0
20.88,0
20.9,0
20.92,0
20.94,0
20.96,0
20.98,0
21,0
21.02,0
21.04,0
21.06,0
21.08,0
21.1,0
21.12,0
21.14,0
21.16,0
21.18,0
21.2,0
21.22,0
21.24,0
21.26,0
21.28,0
21.3,0
21.32,0
21.34,0
21.36,0
21.38,0
21.4,0
21.42,0
21.44,0
21.46,0
21.48,0
21.5,0
21.52,0
21.54,0
21.56,0
21.58,0
21.6,0
21.62,0
21.64,0
21.66,0
21.68,0
21.7,0
21.72,0
21.74,0
21.76,0
21.78,0
21.8,0
21.82,0
21.84,0
21.86,0
21.88,0
21.9,0
21.92,0
21.94,0
21.96,0
21.98,0
22,0
22.02,0
22.04,0
22.06,0
22.08,0
22.1,0
22.12,0
22.14,0
22.16,0
22.18,0
22.2,0
22.22,0
22.24,0
22.26,0
22.28,0
22.3,0
22.32,0
22.34,0
22.36,0
22.38,0
22.4,0
22.42,0
22.44,0
22.46,0
22.48,0
22.5,0
22.52,0
22.54,0
22.56,0
22.58,0
22.6,0
22.62,0
22.64,0
22.66,0
22.68,0
22.7,0
22.72,0
22.74,0
22.76,0
22.78,0
22.8,0
22.82,0
22.84,0
22.86,0
22.88,0
22.9,0
22.92,0
22.94,0
22.96,0
22.98,0
23,0
23.02,0
23.04,0
23.06,0
23.08,0
23.1,0
23.12,0
23.14,0
23.16,0
23.18,0
23.2,0
23.22,0
23.24,0
23.26,0
23.28,0
23.3,0
23.32,0
23.34,0
23.36,0
23.38,0
23.4,0
23.42,0
23.44,0
23.46,0
23.48,0
23.5,0
23.52,0
23.54,0
23.56,0
23.58,0
23.6,0
23.62,0
23.64,0
23.66,0
23.68,0
23.7,0
23.72,0
23.74,0
23.76,0
23.78,1
23.8,1
23.82,1
23.84,1
23.86,1
23.88,1
23.9,1
23.92,1
23.94,1
23.96,1
23.98,1
24,1
24.02,1
24.04,1
24.06,1
24.08,1
24.1,1
24.12,1
24.14,1
24.16,1
24.18,1
24.2,1
24.22,1
24.24,1
24.26,1
24.28,1
24.3,1
24.32,1
24.34,1
24.36,1
24.38,1
24.4,1
24.42,1
24.44,1
24.46,1
24.48,1
24.5,1
24.52,1
24.54,1
24.56,1
24.58,1
24.6,1
24.62,1
24.64,1
24.66,1
24.68,1
24.7,1
24.72,1
24.74,1
24.76,1
24.78,1
24.8,1
24.82,1
24.84,1
24.86,1
24.88,1
24.9,1
24.92,1
24.94,1
24.96,1
24.98,1
25,1
25.02,1
25.04,1
25.06,1
25.08,1
25.1,1
25.12,1
25.14,1
25.16,1
25.18,1
25.2,1
25.22,1
25.24,1
25.26,1
25.28,1
25.3,1
25.32,1
25.34,1
25.36,1
25.38,1
25.4,1
25.42,1
25.44,1
25.46,1
25.48,1
25.5,1
25.52,1
25.54,1
25.56,1
25.58,1
25.6,1
25.62,1
25.64,1
25.66,1
25.68,1
25.7,1
25.72,1
25.74,1
25.76,1
25.78,1
25.8,1
25.82,1
25.84,1
25.86,1
25.88,1
25.9,1
25.92,1
25.94,1
25.96,1
25.98,1
26,1
26.02,1
26.04,1
26.06,1
26.08,1
26.1,1
26.12,1
26.14,1
26.16,1
26.18,1
26.2,1
26.22,1
26.24,1
26.26,1
26.28,1
26.3,1
26.32,1
26.34,1
26.36,1
26.38,1
26.4,1
26.42,1
26.44,1
26.46,1
26.48,1
26.5,1
26.52,1
26.54,1
26.56,1
26.58,1
26.6,1
26.62,1
26.64,1
26.66,1
26.68,1
26.7,1
26.72,1
26.74,1
26.76,1
26.78,1
26.8,1
26.82,1
26.84,1
26.86,1
26.88,1
26.9,1
26.92,1
26.94,1
26.96,1
26.98,1
27,1
27.02,1
27.04,1
27.06,1
27.08,1
27.1,1
27.12,1
27.14,1
27.16,1
27.18,1
27.2,1
27.22,1
27.24,1
27.26,1
27.28,1
27.3,1
27.32,1
27.34,1
27.36,1
27.38,1
27.4,1
27.42,1
27.44,1
27.46,1
27.48,1
27.5,1
27.52,1
27.54,1
27.56,1
27.58,1
27.6,1
27.62,1
27.64,1
27.66,1
27.68,1
27.7,1
27.72,1
27.74,1
27.76,1
27.78,1
27.8,1
27.82,1
27.84,1
27.86,1
27.88,1
27.9,1
27.92,1
27.94,1
27.96,1
27.98,1
28,1
28.02,1
28.04,1
28.06,1
28.08,1
28.1,1
28.12,1
28.14,1
28.16,1
28.18,1
28.2,1
28.22,1
28.24,1
28.26,1
28.28,1
28.3,1
28.32,1
28.34,1
28.36,1
28.38,1
28.4,1
28.42,1
28.44,1
28.46,1
28.48,1
28.5,1
28.52,1
28.54,1
28.56,1
28.58,1
28.6,1
28.62,1
28.64,1
28.66,1
28.68,1
28.7,1
28.72,1
28.74,1
28.76,1
28.78,1
28.8,1
28.82,1
28.84,1
28.86,1
28.88,1
28.9,1
28.92,1
28.94,1
28.96,1
28.98,1
29,1
29.02,1
29.04,1
29.06,1
29.08,1
29.1,1
29.12,1
29.14,1
29.16,1
29.18,1
29.2,1
29.22,1
29.24,1
29.26,1
29.28,1
29.3,1
29.32,1
29.34,1
29.36,1
29.38,1
29.4,1
29.42,1
29.44,1
29.46,1
29.48,1
29.5,1
29.52,1
29.54,1
29.56,1
29.58,1
29.6,1
29.62,1
29.64,1
29.66,1
29.68,1
29.7,1
29.72,1
29.74,1
29.76,1
29.78,1
29.8,1
29.82,1
29.84,1
29.86,1
29.88,1
29.9,1
29.92,1
29.94,1
29.96,1
29.98,1
30,1
30.02,1
30.04,1
30.06,1
30.08,1
30.1,1
30.12,1
30.14,1
30.16,1
30.18,1
30.2,1
30.22,1
30.24,1
30.26,1
30.28,1
30.3,1
30.32,1
30.34,1
30.36,1
30.38,1
30.4,1
30.42,1
30.44,1
30.46,1
30.48,1
30.5,1
30.52,1
30.54,1
30.56,1
30.58,1
30.6,1
30.62,1
30.64,1
30.66,1
30.68,1
30.7,1
30.72,1
30.74,1
30.76,1
30.78,1
30.8,1
30.82,1
30.84,1
30.86,1
30.88,1
30.9,1
30.92,1
30.94,1
30.96,1
30.98,1
31,1
31.02,1
31.04,1
31.06,1
31.08,1
31.1,1
31.12,1
31.14,1
31.16,1
31.18,1
31.2,1
31.22,1
31.24,1
31.26,1
31.28,1
31.3,1
31.32,1
31.34,1
31.36,1
31.38,1
31.4,1
31.42,1
31.44,1
31.46,1
31.48,1
31.5,1
31.52,1
31.54,1
31.56,1
31.58,1
31.6,1
31.62,1
31.64,1
31.66,1
31.68,1
31.7,1
31.72,1
31.74,1
31.76,1
31.78,1
31.8,1
31.82,1
31.84,1
31.86,1
31.88,1
31.9,1
31.92,1
31.94,1
31.96,1
31.98,1
32,1
32.02,1
32.04,1
32.06,1
32.08,1
32.1,1
32.12,1
32.14,1
32.16,1
32.18,1
32.2,1
32.22,1
32.24,1
32.26,1
32.28,1
32.3,1
32.32,1
32.34,1
32.36,1
32.38,1
32.4,1
32.42,1
32.44,1
32.46,1
32.48,1
32.5,1
32.52,1
32.54,1
32.56,1
32.58,1
32.6,1
32.62,1
32.64,1
32.66,1
32.68,1
32.7,1
32.72,1
32.74,1
32.76,1
32.78,1
32.8,1
32.82,1
32.84,1
32.86,1
32.88,1
32.9,1
32.92,1
32.94,1
32.96,1
32.98,1
33,1
33.02,1
33.04,1
33.06,1
33.08,1
33.1,1
33.12,1
33.14,1
33.16,1
33.18,1
33.2,1
33.22,1
33.24,1
33.26,1
33.28,1
33.3,1
33.32,1
33.34,1
33.36,1
33.38,1
33.4,1
33.42,1
33.44,1
33.46,1
33.48,1
33.5,1
33.52,1
33.54,1
33.56,1
33.58,1
33.6,1
33.62,1
33.64,1
33.66,1
33.68,1
33.7,1
33.72,1
33.74,1
33.76,1
33.78,1
33.8,1
33.82,1
33.84,1
33.86,1
33.88,1
33.9,1
33.92,1
33.94,1
33.96,1
33.98,1
34,1
34.02,1
34.04,1
34.06,1
34.08,1
34.1,1
34.12,1
34.14,1
34.16,1
34.18,1
34.2,1
34.22,1
34.24,1
34.26,1
34.28,1
34.3,1
34.32,1
34.34,1
34.36,1
34.38,1
34.4,1
34.42,1
34.44,1
34.46,1
34.48,1
34.5,1
34.52,1
34.54,1
34.56,1
34.58,1
34.6,1
34.62,1
34.64,1
34.66,1
34.68,1
34.7,1
34.72,1
34.74,1
34.76,1
34.78,1
34.8,1
34.82,1
34.84,1
34.86,1
34.88,1
34.9,1
34.92,1
34.94,1
34.96,1
34.98,1
35,1
35.02,1
35.04,1
35.06,1
35.08,1
35.1,1
35.12,1
35.14,1
35.16,1
35.18,1
35.2,1
35.22,1
35.24,1
35.26,1
35.28,1
35.3,1
35.32,1
35.34,1
35.36,1
35.38,1
35.4,1
35.42,1
35.44,1
35.46,1
35.48,1
35.5,1
35.52,1
35.54,1
35.56,1
35.58,1
35.6,1
35.62,1
35.64,1
35.66,1
35.68,1
35.7,1
35.72,1
35.74,1
35.76,1
35.78,1
35.8,1
35.82,1
35.84,1
35.86,1
35.88,1
35.9,1
35.92,1
35.94,1
35.96,1
35.98,1
36,1
36.02,1
36.04,1
36.06,1
36.08,1
36.1,1
36.12,1
36.14,1
36.16,1
36.18,1
36.2,1
36.22,1
36.24,1
36.26,1
36.28,1
36.3,1
36.32,1
36.34,1
36.36,1
36.38,1
36.4,1
36.42,1
36.44,1
36.46,1
36.48,1
36.5,1
36.52,1
36.54,1
36.56,1
36.58,1
36.6,1
36.62,1
36.64,1
36.66,1
36.68,1
36.7,1
36.72,1
36.74,1
36.76,1
36.78,1
36.8,1
36.82,1
36.84,1
36.86,1
36.88,1
36.9,1
36.92,1
36.94,1
36.96,1
36.98,1
37,1
37.02,1
37.04,1
37.06,1
37.08,1
37.1,1
37.12,1
37.14,1
37.16,1
37.18,1
37.2,1
37.22,1
37.24,1
37.26,1
37.28,1
37.3,1
37.32,1
37.34,1
37.36,1
37.38,1
37.4,1
37.42,1
37.44,1
37.46,1
37.48,1
37.5,1
37.52,1
37.54,1
37.56,1
37.58,1
37.6,1
37.62,1
37.64,1
37.66,1
37.68,1
37.7,1
37.72,1
37.74,1
37.76,1
37.78,1
37.8,1
37.82,1
37.84,1
37.86,1
37.88,1
37.9,1
37.92,1
37.94,1
37.96,1
37.98,1
38,1
38.02,1
38.04,1
38.06,1
38.08,1
38.1,1
38.12,1
38.14,1
38.16,1
38.18,1
38.2,1
38.22,1
38.24,1
38.26,1
38.28,1
38.3,1
38.32,1
38.34,1
38.36,1
38.38,1
38.4,1
38.42,1
38.44,1
38.46,1
38.48,1
38.5,1
38.52,1
38.54,1
38.56,1
38.58,1
38.6,1
38.62,1
38.64,1
38.66,1
38.68,1
38.7,1
38.72,1
38.74,1
38.76,1
38.78,1
38.8,1
38.82,1
38.84,1
38.86,1
38.88,1
38.9,1
38.92,1
38.94,1
38.96,1
38.98,1
39,1
39.02,1
39.04,1
39.06,1
39.08,1
39.1,1
39.12,1
39.14,1
39.16,1
39.18,1
39.2,1
39.22,1
39.24,1
39.26,1
39.28,1
39.3,1
39.32,1
39.34,1
39.36,1
39.38,1
39.4,1
39.42,1
39.44,1
39.46,1
39.48,1
39.5,1
39.52,1
39.54,1
39.56,1
39.58,1
39.6,1
39.62,1
39.64,1
39.66,1
39.68,1
39.7,1
39.72,1
39.74,1
39.76,1
39.78,1
39.8,1
39.82,1
39.84,1
39.86,1
39.88,1
39.9,1
39.92,1
39.94,1
39.96,1
39.98,1
40,1
40.02,1
40.04,1
40.06,1
40.08,1
40.1,1
40.12,1
40.14,1
40.16,1
40.18,1
40.2,1
40.22,1
40.24,1
40.26,1
40.28,1
40.3,1
40.32,1
40.34,1
40.36,1
40.38,1
40.4,1
40.42,1
40.44,1
40.46,1
40.48,1
40.5,1
40.52,1
40.54,1
40.56,1
40.58,1
40.6,1
40.62,1
40.64,1
40.66,1
40.68,1
40.7,1
40.72,1
40.74,1
40.76,1
40.78,1
40.8,1
40.82,1
40.84,1
40.86,1
40.88,1
40.9,1
40.92,1
40.94,1
40.96,1
40.98,1
41,1
41.02,1
41.04,1
41.06,1
41.08,1
41.1,1
41.12,1
41.14,1
41.16,1
41.18,1
41.2,1
41.22,1
41.24,1
41.26,1
41.28,1
41.3,1
41.32,1
41.34,1
41.36,1
41.38,1
41.4,1
41.42,1
41.44,1
41.46,1
41.48,1
41.5,1
41.52,1
41.54,1
41.56,1
41.58,1
41.6,1
41.62,1
41.64,1
41.66,1
41.68,1
41.7,1
41.72,1
41.74,1
41.76,1
41.78,1
41.8,1
41.82,1
41.84,1
41.86,1
41.88,1
41.9,1
41.92,1
41.94,1
41.96,1
41.98,1
42,1
42.02,1
42.04,1
42.06,1
42.08,1
42.1,1
42.12,1
42.14,1
42.16,1
42.18,1
42.2,1
42.22,1
42.24,1
42.26,1
42.28,1
42.3,1
42.32,1
42.34,1
42.36,1
42.38,1
42.4,1
42.42,1
42.44,1
42.46,1
42.48,1
42.5,1
42.52,1
42.54,1
42.56,1
42.58,1
42.6,1
42.62,1
42.64,1
42.66,1
42.68,1
42.7,1
42.72,1
42.74,1
42.76,1
42.78,1
42.8,1
42.82,1
42.84,1
42.86,1
42.88,1
42.9,1
42.92,1
42.94,1
42.96,1
42.98,1
43,1
43.02,1
43.04,1
43.06,1
43.08,1
43.1,1
43.12,1
43.14,1
43.16,1
43.18,1
43.2,1
43.22,1
43.24,1
43.26,1
43.28,1
43.3,1
43.32,1
43.34,1
43.36,1
43.38,1
43.4,1
43.42,1
43.44,1
43.46,1
43.48,1
43.5,1
43.52,1
43.54,1
43.56,1
43.58,1
43.6,1
43.62,1
43.64,1
43.66,1
43.68,1
43.7,1
43.72,1
43.74,1
43.76,1
43.78,1
43.8,1
43.82,1
43.84,1
43.86,1
43.88,1
43.9,1
43.92,1
43.94,1
43.96,1
43.98,1
44,1
44.02,1
44.04,1
44.06,1
44.08,1
44.1,1
44.12,1
44.14,1
44.16,1
44.18,1
44.2,1
44.22,1
44.24,1
44.26,1
44.28,1
44.3,1
44.32,1
44.34,1
44.36,1
44.38,1
44.4,1
44.42,1
44.44,1
44.46,1
44.48,1
44.5,1
44.52,1
44.54,1
44.56,1
44.58,1
44.6,1
44.62,1
44.64,1
44.66,1
44.68,1
44.7,1
44.72,1
44.74,1
44.76,1
44.78,1
44.8,1
44.82,1
44.84,1
44.86,1
44.88,1
44.9,1
44.92,1
44.94,1
44.96,1
44.98,1
45,1
45.02,1
45.04,1
45.06,1
45.08,1
45.1,1
45.12,1
45.14,1
45.16,1
45.18,1
45.2,1
45.22,1
45.24,1
45.26,1
45.28,1
45.3,1
45.32,1
45.34,1
45.36,1
45.38,1
45.4,1
45.42,1
45.44,1
45.46,1
45.48,1
45.5,1
45.52,1
45.54,1
45.56,1
45.58,1
45.6,1
45.62,1
45.64,1
45.66,1
45.68,1
45.7,1
45.72,1
45.74,1
45.76,1
45.78,1
45.8,1
45.82,1
45.84,1
45.86,1
45.88,1
45.9,1
45.92,1
45.94,1
45.96,1
45.98,1
46,1
46.02,1
46.04,1
46.06,1
46.08,1
46.1,1
46.12,1
46.14,1
46.16,1
46.18,1
46.2,1
46.22,1
46.24,1
46.26,1
46.28,1
46.3,1
46.32,1
46.34,1
46.36,1
46.38,1
46.4,1
46.42,1
46.44,1
46.46,1
46.48,1
46.5,1
46.52,1
46.54,1
46.56,1
46.58,1
46.6,1
46.62,1
46.64,1
46.66,1
46.68,1
46.7,1
46.72,1
46.74,1
46.76,1
46.78,1
46.8,1
46.82,1
46.84,1
46.86,1
46.88,1
46.9,1
46.92,1
46.94,1
46.96,1
46.98,1
47,1
47.02,1
47.04,1
47.06,1
47.08,1
47.1,1
47.12,1
47.14,1
47.16,1
47.18,1
47.2,1
47.22,1
47.24,1
47.26,1
47.28,1
47.3,1
47.32,1
47.34,1
47.36,1
47.38,1
47.4,1
47.42,1
47.44,1
47.46,1
47.48,1
47.5,1
47.52,1
47.54,1
47.56,1
47.58,1
47.6,1
47.62,1
47.64,1
47.66,1
47.68,1
47.7,1
47.72,1
47.74,1
47.76,1
47.78,1
47.8,1
47.82,1
47.84,1
47.86,1
47.88,1
47.9,1
47.92,1
47.94,1
47.96,1
47.98,1
48,1
48.02,1
48.04,1
48.06,1
48.08,1
48.1,1
48.12,1
48.14,1
48.16,1
48.18,1
48.2,1
48.22,1
48.24,1
48.26,1
48.28,1
48.3,1
48.32,1
48.34,1
48.36,1
48.38,1
48.4,1
48.42,1
48.44,1
48.46,1
48.48,1
48.5,1
48.52,1
48.54,1
48.56,1
48.58,1
48.6,1
48.62,1
48.64,1
48.66,1
48.68,1
48.7,1
48.72,1
48.74,1
48.76,1
48.78,1
48.8,1
48.82,1
48.84,1
48.86,1
48.88,1
48.9,1
48.92,1
48.94,1
48.96,1
48.98,1
49,1
49.02,1
49.04,1
49.06,1
49.08,1
49.1,1
49.12,1
49.14,1
49.16,1
49.18,1
49.2,1
49.22,1
49.24,1
49.26,1
49.28,1
49.3,1
49.32,1
49.34,1
49.36,1
49.38,1
49.4,1
49.42,1
49.44,1
49.46,1
49.48,1
49.5,1
49.52,1
49.54,1
49.56,1
49.58,1
49.6,1
49.62,1
49.64,1
49.66,1
49.68,1
49.7,1
49.72,1
49.74,1
49.76,1
49.78,1
49.8,1
49.82,1
49.84,1
49.86,1
49.88,1
49.9,1
49.92,1
49.94,1
49.96,1
49.98,1
50,1
50.02,1
50.04,1
50.06,1
50.08,1
50.1,1
50.12,1
50.14,1
50.16,1
50.18,1
50.2,1
50.22,1
50.24,1
50.26,1
50.28,1
50.3,1
50.32,1
50.34,1
50.36,1
50.38,1
50.4,1
50.42,1
50.44,1
50.46,1
50.48,1
50.5,1
50.52,1
50.54,1
50.56,1
50.58,1
50.6,1
50.62,1
50.64,1
50.66,1
50.68,1
50.7,1
50.72,1
50.74,1
50.76,1
50.78,1
50.8,1
50.82,1
50.84,1
50.86,1
50.88,1
50.9,1
50.92,1
50.94,1
50.96,1
50.98,1
51,1
51.02,1
51.04,1
51.06,1
51.08,1
51.1,1
51.12,1
51.14,1
51.16,1
51.18,1
51.2,1
51.22,1
51.24,1
51.26,1
51.28,1
51.3,1
51.32,1
51.34,1
51.36,1
51.38,1
51.4,1
51.42,1
51.44,1
51.46,1
51.48,1
51.5,1
51.52,1
51.54,1
51.56,1
51.58,1
51.6,1
51.62,1
51.64,1
51.66,1
51.68,1
51.7,1
51.72,1
51.74,1
51.76,1
51.78,1
51.8,1
51.82,1
51.84,1
51.86,1
51.88,1
51.9,1
51.92,1
51.94,1
51.96,1
51.98,1
52,1
52.02,1
52.04,1
52.06,1
52.08,1
52.1,1
52.12,1
52.14,1
52.16,1
52.18,1
52.2,1
52.22,1
52.24,1
52.26,1
52.28,1
52.3,1
52.32,1
52.34,1
52.36,1
52.38,1
52.4,1
52.42,1
52.44,1
52.46,1
52.48,1
52.5,1
52.52,1
52.54,1
52.56,1
52.58,1
52.6,1
52.62,1
52.64,1
52.66,1
52.68,1
52.7,1
52.72,1
52.74,1
52.76,1
52.78,1
52.8,1
52.82,1
52.84,1
52.86,1
52.88,1
52.9,1
52.92,1
52.94,1
52.96,1
52.98,1
53,1
53.02,1
53.04,1
53.06,1
53.08,1
53.1,1
53.12,1
53.14,1
53.16,1
53.18,1
53.2,1
53.22,1
53.24,1
53.26,1
53.28,1
53.3,1
53.32,1
53.34,1
53.36,1
53.38,1
53.4,1
53.42,1
53.44,1
53.46,1
53.48,1
53.5,1
53.52,1
53.54,1
53.56,1
53.58,1
53.6,1
53.62,1
53.64,1
53.66,1
53.68,1
53.7,1
53.72,1
53.74,1
53.76,1
53.78,1
53.8,1
53.82,1
53.84,1
53.86,1
53.88,1
53.9,1
53.92,1
53.94,1
53.96,1
53.98,1
54,1
54.02,1
54.04,1
54.06,1
54.08,1
54.1,1
54.12,1
54.14,1
54.16,1
54.18,1
54.2,1
54.22,1
54.24,1
54.26,1
54.28,1
54.3,1
54.32,1
54.34,1
54.36,1
54.38,1
54.4,1
54.42,1
54.44,1
54.46,1
54.48,1
54.5,1
54.52,1
54.54,1
54.56,1
54.58,1
54.6,1
54.62,1
54.64,1
54.66,1
54.68,1
54.7,1
54.72,1
54.74,1
54.76,1
54.78,1
54.8,1
54.82,1
54.84,1
54.86,1
54.88,1
54.9,1
54.92,1
54.94,1
54.96,1
54.98,1
55,1
55.02,1
55.04,1
55.06,1
55.08,1
55.1,1
55.12,1
55.14,1
55.16,1
55.18,1
55.2,1
55.22,1
55.24,1
55.26,1
55.28,1
55.3,1
55.32,1
55.34,1
55.36,1
55.38,1
55.4,1
55.42,1
55.44,1
55.46,1
55.48,1
55.5,1
55.52,1
55.54,1
55.56,1
55.58,1
55.6,1
55.62,1
55.64,1
55.66,1
55.68,1
55.7,1
55.72,1
55.74,1
55.76,1
55.78,1
55.8,1
55.82,1
55.84,1
55.86,1
55.88,1
55.9,1
55.92,1
55.94,1
55.96,1
55.98,1
56,1
56.02,1
56.04,1
56.06,1
56.08,1
56.1,1
56.12,1
56.14,1
56.16,1
56.18,1
56.2,1
56.22,1
56.24,1
56.26,1
56.28,1
56.3,1
56.32,1
56.34,1
56.36,1
56.38,1
56.4,1
56.42,1
56.44,1
56.46,1
56.48,1
56.5,1
56.52,1
56.54,1
56.56,1
56.58,1
56.6,1
56.62,1
56.64,1
56.66,1
56.68,1
56.7,1
56.72,1
56.74,1
56.76,1
56.78,1
56.8,1
56.82,1
56.84,1
56.86,1
56.88,1
56.9,1
56.92,1
56.94,1
56.96,1
56.98,1
57,1
57.02,1
57.04,1
57.06,1
57.08,1
57.1,1
57.12,1
57.14,1
57.16,1
57.18,1
57.2,1
57.22,1
57.24,1
57.26,1
57.28,1
57.3,1
57.32,1
57.34,1
57.36,1
57.38,1
57.4,1
57.42,1
57.44,1
57.46,1
57.48,1
57.5,1
57.52,1
57.54,1
57.56,1
57.58,1
57.6,1
57.62,1
57.64,1
57.66,1
57.68,1
57.7,1
57.72,1
57.74,1
57.76,1
57.78,1
57.8,1
57.82,1
57.84,1
57.86,1
57.88,1
57.9,1
57.92,1
57.94,1
57.96,1
57.98,1
58,1
58.02,1
58.04,1
58.06,1
58.08,1
58.1,1
58.12,1
58.14,1
58.16,1
58.18,1
58.2,1
58.22,1
58.24,1
58.26,1
58.28,1
58.3,1
58.32,1
58.34,1
58.36,1
58.38,1
58.4,1
58.42,1
58.44,1
58.46,1
58.48,1
58.5,1
58.52,1
58.54,1
58.56,1
58.58,1
58.6,1
58.62,1
58.64,1
58.66,1
58.68,1
58.7,1
58.72,1
58.74,1
58.76,1
58.78,1
58.8,1
58.82,1
58.84,1
58.86,1
58.88,1
58.9,1
58.92,1
58.94,1
58.96,1
58.98,1
59,1
59.02,1
59.04,1
59.06,1
59.08,1
59.1,1
59.12,1
59.14,1
59.16,1
59.18,1
59.2,1
59.22,1
59.24,1
59.26,1
59.28,1
59.3,1
59.32,1
59.34,1
59.36,1
59.38,1
59.4,1
59.42,1
59.44,1
59.46,1
59.48,1
59.5,1
59.52,1
59.54,1
59.56,1
59.58,1
59.6,1
59.62,1
59.64,1
59.66,1
59.68,1
59.7,1
59.72,1
59.74,1
59.76,1
59.78,1
59.8,1
59.82,1
59.84,1
59.86,1
59.88,1
59.9,1
59.92,1
59.94,1
59.96,1
59.98,1
60,1
60.02,1
60.04,1
60.06,1
60.08,1
60.1,1
60.12,1
60.14,1
60.16,1
60.18,1
60.2,1
60.22,1
60.24,1
60.26,1
60.28,1
60.3,1
60.32,1
60.34,1
60.36,1
60.38,1
60.4,1
60.42,1
60.44,1
60.46,1
60.48,1
60.5,1
60.52,1
60.54,1
60.56,1
60.58,1
60.6,1
60.62,1
60.64,1
60.66,1
60.68,1
60.7,1
60.72,1
60.74,1
60.76,1
60.78,1
60.8,1
60.82,1
60.84,1
60.86,1
60.88,1
60.9,1
60.92,1
60.94,1
60.96,1
60.98,1
61,1
61.02,1
61.04,1
61.06,1
61.08,1
61.1,1
61.12,1
61.14,1
61.16,1
61.18,1
61.2,1
61.22,1
61.24,1
61.26,1
61.28,1
61.3,1
61.32,1
61.34,1
61.36,1
61.38,1
61.4,1
61.42,1
61.44,1
61.46,1
61.48,1
61.5,1
61.52,1
61.54,1
61.56,1
61.58,1
61.6,1
61.62,1
61.64,1
61.66,1
61.68,1
61.7,1
61.72,1
61.74,1
61.76,1
61.78,1
61.8,1
61.82,1
61.84,1
61.86,1
61.88,1
61.9,1
61.92,1
61.94,1
61.96,1
61.98,1
62,1
62.02,1
62.04,1
62.06,1
62.08,1
62.1,1
62.12,1
62.14,1
62.16,1
62.18,1
62.2,1
62.22,1
62.24,1
62.26,1
62.28,1
62.3,1
62.32,1
62.34,1
62.36,1
62.38,1
62.4,1
62.42,1
62.44,1
62.46,1
62.48,1
62.5,1
62.52,1
62.54,1
62.56,1
62.58,1
62.6,1
62.62,1
62.64,1
62.66,1
62.68,1
62.7,1
62.72,1
62.74,1
62.76,1
62.78,1
62.8,1
62.82,1
62.84,1
62.86,1
62.88,1
62.9,1
62.92,1
62.94,1
62.96,1
62.98,1
63,1
