T,R,L
0,0,1
0.02,0,1
0.04,0,1
0.06,0,1
0.08,0,1
0.1,0,1
0.12,0,1
0.14,0,1
0.16,0,1
0.18,0,1
0.2,0,1
0.22,0,1
0.24,0,1
0.26,0,1
0.28,0,1
0.3,0,1
0.32,0,1
0.34,0,1
0.36,0,1
0.38,0,1
0.4,0,1
0.42,0,1
0.44,0,1
0.46,0,1
0.48,0,1
0.5,0,1
0.52,0,1
0.54,0,1
0.56,0,1
0.58,0,1
0.6,0,1
0.62,0,1
0.64,0,1
0.66,0,1
0.68,0,1
0.7,0,1
0.72,0,0
0.74,0,0
0.76,0,0
0.78,0,0
0.8,0,0
0.82,0,0
0.84,0,0
0.86,0,0
0.88,0,0
0.9,0,0
0.92,0,0
0.94,0,0
0.96,0,0
0.98,0,0
1,0,0
1.02,0,0
1.04,0,0
1.06,0,0
1.08,0,0
1.1,0,0
1.12,0,0
1.14,0,0
1.16,0,0
1.18,0,0
1.2,0,0
1.22,0,0
1.24,0,0
1.26,0,0
1.28,0,0
1.3,0,0
1.32,0,0
1.34,0,0
1.36,0,0
1.38,0,0
1.4,0,0
1.42,0,0
1.44,0,0
1.46,0,0
1.48,0,0
1.5,0,0
1.52,0,0
1.54,0,0
1.56,0,0
1.58,0,0
1.6,0,0
1.62,0,0
1.64,0,1
1.66,0,1
1.68,0,1
1.7,0,1
1.72,0,1
1.74,0,1
1.76,0,1
1.78,0,1
1.8,0,1
1.82,0,1
1.84,0,1
1.86,0,1
1.88,0,1
1.9,0,1
1.92,0,1
1.94,0,1
1.96,0,1
1.98,0,1
2,0,1
2.02,0,1
2.04,0,1
2.06,1,1
2.08,1,1
2.1,1,1
2.12,1,1
2.14,1,1
2.16,1,1
2.18,1,1
2.2,1,1
2.22,1,1
2.24,1,1
2.26,1,1
2.28,1,1
2.3,1,1
2.32,1,1
2.34,1,1
2.36,1,1
2.38,1,1
2.4,1,1
2.42,1,1
2.44,0,1
2.46,0,1
2.48,0,1
2.5,0,1
2.52,0,1
2.54,0,1
2.56,0,1
2.58,0,1
2.6,0,1
2.62,0,1
2.64,0,1
2.66,0,1
2.68,0,1
2.7,0,1
2.72,0,1
2.74,0,1
2.76,0,1
2.78,0,1
2.8,0,1
2.82,0,1
2.84,0,1
2.86,0,1
2.88,0,1
2.9,0,1
2.92,0,1
2.94,0,1
2.96,0,1
2.98,0,1
3,0,1
3.02,0,1
3.04,0,1
3.06,0,1
3.08,0,1
3.1,0,1
3.12,0,1
3.14,0,1
3.16,0,1
3.18,0,1
3.2,0,1
3.22,0,1
3.24,0,1
3.26,0,1
3.28,0,1
3.3,0,1
3.32,0,1
3.34,0,1
3.36,0,1
3.38,0,1
3.4,0,1
3.42,0,1
3.44,0,1
3.46,0,1
3.48,0,1
3.5,0,1
3.52,0,1
3.54,0,1
3.56,0,1
3.58,0,1
3.6,0,1
3.62,0,1
3.64,0,1
3.66,0,1
3.68,0,1
3.7,0,1
3.72,0,1
3.74,0,1
3.76,0,1
3.78,0,1
3.8,0,1
3.82,0,1
3.84,0,1
3.86,0,1
3.88,1,1
3.9,1,1
3.92,1,1
3.94,0,1
3.96,0,1
3.98,0,1
4,0,1
4.02,0,1
4.04,0,1
4.06,0,1
4.08,0,1
4.1,0,1
4.12,0,1
4.14,0,1
4.16,0,1
4.18,0,1
4.2,0,1
4.22,0,1
4.24,0,1
4.26,0,1
4.28,0,1
4.3,0,1
4.32,0,1
4.34,0,1
4.36,0,1
4.38,0,1
4.4,0,1
4.42,0,1
4.44,0,1
4.46,0,1
4.48,0,1
4.5,0,1
4.52,0,1
4.54,0,1
4.56,0,1
4.58,0,1
4.6,0,1
4.62,0,1
4.64,0,1
4.66,0,1
4.68,0,1
4.7,0,1
4.72,0,1
4.74,0,1
4.76,0,1
4.78,0,1
4.8,0,1
4.82,0,1
4.84,0,1
4.86,0,1
4.88,0,1
4.9,0,1
4.92,0,1
4.94,0,1
4.96,0,1
4.98,0,1
5,0,1
5.02,0,1
5.04,0,1
5.06,0,1
5.08,0,1
5.1,0,1
5.12,0,1
5.14,0,1
5.16,0,1
5.18,0,1
5.2,0,1
5.22,0,1
5.24,0,1
5.26,0,1
5.28,0,1
5.3,0,1
5.32,0,1
5.34,1,1
5.36,1,1
5.38,1,1
5.4,1,1
5.42,1,1
5.44,1,1
5.46,0,1
5.48,0,1
5.5,0,1
5.52,0,1
5.54,0,1
5.56,0,1
5.58,0,1
5.6,0,1
5.62,0,1
5.64,0,1
5.66,0,1
5.68,0,1
5.7,0,1
5.72,0,1
5.74,0,1
5.76,0,1
5.78,0,1
5.8,0,1
5.82,0,1
5.84,0,1
5.86,0,1
5.88,0,1
5.9,0,1
5.92,0,1
5.94,0,1
5.96,0,1
5.98,0,1
6,0,1
6.02,0,1
6.04,0,1
6.06,0,1
6.08,0,1
6.1,0,1
6.12,0,1
6.14,0,1
6.16,0,1
6.18,0,1
6.2,0,1
6.22,0,1
6.24,0,1
6.26,0,1
6.28,0,1
6.3,0,1
6.32,0,1
6.34,0,1
6.36,0,1
6.38,0,1
6.4,0,1
6.42,0,1
6.44,0,1
6.46,0,1
6.48,0,1
6.5,0,1
6.52,0,1
6.54,0,1
6.56,0,1
6.58,0,1
6.6,0,1
6.62,0,1
6.64,0,1
6.66,0,1
6.68,0,1
6.7,0,1
6.72,0,1
6.74,0,1
6.76,0,1
6.78,0,1
6.8,0,1
6.82,0,1
6.84,0,1
6.86,0,1
6.88,0,1
6.9,0,1
6.92,0,1
6.94,0,1
6.96,0,1
6.98,0,1
7,0,1
7.02,0,1
7.04,0,1
7.06,0,1
7.08,0,1
7.1,0,1
7.12,0,1
7.14,0,1
7.16,0,1
7.18,0,1
7.2,0,1
7.22,0,1
7.24,0,1
7.26,0,1
7.28,0,1
7.3,0,1
7.32,0,1
7.34,0,1
7.36,0,1
7.38,0,1
7.4,0,1
7.42,0,1
7.44,0,1
7.46,0,1
7.48,0,1
7.5,0,1
7.52,0,1
7.54,0,1
7.56,0,1
7.58,0,1
7.6,0,1
7.62,0,1
7.64,0,1
7.66,0,1
7.68,0,1
7.7,0,1
7.72,0,1
7.74,0,1
7.76,0,1
7.78,0,1
7.8,0,1
7.82,0,1
7.84,0,1
7.86,0,1
7.88,0,1
7.9,0,1
7.92,0,1
7.94,0,1
7.96,0,1
7.98,0,1
8,0,1
8.02,0,1
8.04,0,1
8.06,0,1
8.08,0,1
8.1,0,1
8.12,0,1
8.14,0,1
8.16,0,1
8.18,0,1
8.2,0,1
8.22,0,1
8.24,0,1
8.26,0,1
8.28,0,1
8.3,0,1
8.32,0,1
8.34,0,1
8.36,0,1
8.38,0,1
8.4,0,1
8.42,0,1
8.44,0,1
8.46,0,1
8.48,0,1
8.5,0,1
8.52,0,1
8.54,0,1
8.56,0,1
8.58,0,1
8.6,0,1
8.62,0,1
8.64,0,1
8.66,0,1
8.68,0,1
8.7,0,1
8.72,0,1
8.74,0,1
8.76,0,1
8.78,0,1
8.8,0,1
8.82,0,1
8.84,0,1
8.86,0,1
8.88,0,1
8.9,0,1
8.92,0,1
8.94,0,1
8.96,0,1
8.98,0,1
9,0,1
9.02,0,1
9.04,0,1
9.06,0,1
9.08,0,1
9.1,0,1
9.12,0,1
9.14,0,1
9.16,0,1
9.18,0,1
9.2,0,1
9.22,0,1
9.24,0,1
9.26,0,1
9.28,0,1
9.3,0,1
9.32,0,1
9.34,0,1
9.36,0,1
9.38,0,1
9.4,0,1
9.42,0,1
9.44,0,1
9.46,0,1
9.48,0,1
9.5,0,1
9.52,0,1
9.54,0,1
9.56,0,1
9.58,0,1
9.6,0,1
9.62,0,1
9.64,0,1
9.66,0,1
9.68,0,1
9.7,0,1
9.72,0,1
9.74,0,1
9.76,0,1
9.78,0,1
9.8,0,1
9.82,0,1
9.84,0,1
9.86,0,1
9.88,0,1
9.9,0,1
9.92,0,1
9.94,0,1
9.96,0,1
9.98,0,1
10,0,1
10.02,0,1
10.04,0,1
10.06,0,1
10.08,0,1
10.1,0,1
10.12,0,1
10.14,0,1
10.16,0,1
10.18,0,1
10.2,0,1
10.22,0,1
10.24,0,1
10.26,0,1
10.28,0,1
10.3,0,1
10.32,0,1
10.34,0,1
10.36,0,1
10.38,0,1
10.4,0,1
10.42,0,1
10.44,0,1
10.46,0,1
10.48,0,1
10.5,0,1
10.52,0,1
10.54,0,1
10.56,0,1
10.58,0,1
10.6,0,1
10.62,0,1
10.64,0,1
10.66,0,1
10.68,0,1
10.7,0,1
10.72,0,1
10.74,0,1
10.76,0,1
10.78,0,1
10.8,0,1
10.82,0,1
10.84,0,1
10.86,0,1
10.88,0,1
10.9,0,1
10.92,0,1
10.94,0,1
10.96,0,1
10.98,0,1
11,0,1
11.02,0,1
11.04,0,1
11.06,0,1
11.08,0,1
11.1,0,1
11.12,0,1
11.14,0,1
11.16,0,1
11.18,0,1
11.2,0,1
11.22,0,1
11.24,0,1
11.26,0,1
11.28,0,1
11.3,0,1
11.32,0,1
11.34,0,1
11.36,0,1
11.38,0,1
11.4,0,1
11.42,0,1
11.44,0,1
11.46,0,1
11.48,0,1
11.5,0,1
11.52,0,1
11.54,0,1
11.56,0,1
11.58,0,1
11.6,0,1
11.62,0,1
11.64,0,1
11.66,0,1
11.68,0,1
11.7,0,1
11.72,0,1
11.74,0,1
11.76,0,1
11.78,0,1
11.8,0,1
11.82,0,1
11.84,0,1
11.86,0,1
11.88,0,1
11.9,0,1
11.92,0,1
11.94,0,1
11.96,0,1
11.98,0,1
12,0,1
12.02,0,1
12.04,0,1
12.06,0,1
12.08,0,1
12.1,0,1
12.12,0,1
12.14,0,1
12.16,0,1
12.18,0,1
12.2,0,1
12.22,0,1
12.24,0,1
12.26,0,1
12.28,0,1
12.3,0,1
12.32,0,1
12.34,0,1
12.36,0,1
12.38,0,1
12.4,0,1
12.42,0,1
12.44,0,1
12.46,0,1
12.48,0,1
12.5,0,1
12.52,0,1
12.54,0,1
12.56,0,1
12.58,0,1
12.6,0,1
12.62,0,1
12.64,0,1
12.66,0,1
12.68,0,1
12.7,0,1
12.72,0,1
12.74,0,1
12.76,0,1
12.78,0,1
12.8,0,1
12.82,0,1
12.84,0,1
12.86,0,1
12.88,0,1
12.9,0,1
12.92,0,1
12.94,0,1
12.96,0,1
12.98,0,1
13,0,1
13.02,0,1
13.04,0,1
13.06,0,1
13.08,0,1
13.1,0,1
13.12,0,1
13.14,0,1
13.16,0,1
13.18,0,1
13.2,0,1
13.22,0,1
13.24,0,1
13.26,0,1
13.28,0,1
13.3,0,1
13.32,0,1
13.34,0,1
13.36,0,1
13.38,0,1
13.4,0,1
13.42,0,1
13.44,0,1
13.46,0,1
13.48,0,1
13.5,0,1
13.52,0,1
13.54,0,1
13.56,0,1
13.58,0,1
13.6,0,1
13.62,0,1
13.64,0,1
13.66,0,1
13.68,0,1
13.7,0,1
13.72,0,1
13.74,0,1
13.76,0,1
13.78,0,1
13.8,0,1
13.82,0,1
13.84,0,1
13.86,0,1
13.88,0,1
13.9,0,1
13.92,0,1
13.94,0,1
13.96,0,1
13.98,0,1
14,0,1
14.02,0,1
14.04,0,1
14.06,0,1
14.08,0,1
14.1,0,1
14.12,0,1
14.14,0,1
14.16,0,1
14.18,0,1
14.2,0,1
14.22,0,1
14.24,0,1
14.26,0,1
14.28,0,1
14.3,0,1
14.32,0,1
14.34,0,1
14.36,0,1
14.38,0,1
14.4,0,1
14.42,0,1
14.44,0,1
14.46,0,1
14.48,0,1
14.5,0,1
14.52,0,1
14.54,0,1
14.56,0,1
14.58,0,0
14.6,0,0
14.62,0,0
14.64,0,0
14.66,0,0
14.68,0,0
14.7,0,0
14.72,0,0
14.74,0,0
14.76,0,0
14.78,0,0
14.8,0,0
14.82,0,0
14.84,0,0
14.86,0,0
14.88,0,0
14.9,0,0
14.92,0,0
14.94,0,0
14.96,0,0
14.98,0,0
15,0,0
15.02,0,0
15.04,0,0
15.06,0,0
15.08,0,0
15.1,0,0
15.12,0,0
15.14,0,0
15.16,0,0
15.18,0,0
15.2,0,0
15.22,0,0
15.24,0,0
15.26,0,0
15.28,0,0
15.3,0,0
15.32,0,0
15.34,0,0
15.36,0,0
15.38,0,0
15.4,0,0
15.42,0,0
15.44,0,0
15.46,0,0
15.48,0,0
15.5,0,0
15.52,0,0
15.54,0,0
15.56,0,0
15.58,0,0
15.6,0,0
15.62,0,0
15.64,0,0
15.66,0,0
15.68,0,0
15.7,0,0
15.72,0,0
15.74,0,0
15.76,0,0
15.78,0,0
15.8,0,0
15.82,0,0
15.84,0,0
15.86,0,0
15.88,0,0
15.9,0,0
15.92,0,0
15.94,0,0
15.96,0,0
15.98,0,0
16,0,0
16.02,0,0
16.04,0,0
16.06,0,0
16.08,0,0
16.1,0,0
16.12,0,0
16.14,0,0
16.16,0,0
16.18,0,0
16.2,0,0
16.22,0,0
16.24,0,0
16.26,0,0
16.28,0,0
16.3,0,0
16.32,0,0
16.34,0,0
16.36,0,0
16.38,0,0
16.4,0,0
16.42,0,0
16.44,0,0
16.46,0,0
16.48,0,0
16.5,0,0
16.52,0,0
16.54,0,0
16.56,0,0
16.58,0,0
16.6,0,0
16.62,0,0
16.64,0,0
16.66,0,0
16.68,0,0
16.7,0,0
16.72,0,0
16.74,0,0
16.76,0,0
16.78,0,0
16.8,0,0
16.82,0,0
16.84,0,0
16.86,0,0
16.88,0,0
16.9,0,0
16.92,0,0
16.94,0,0
16.96,0,0
16.98,0,0
17,0,0
17.02,0,0
17.04,0,0
17.06,0,0
17.08,0,0
17.1,0,0
17.12,0,0
17.14,0,0
17.16,0,0
17.18,0,0
17.2,0,0
17.22,0,0
17.24,0,0
17.26,0,0
17.28,0,0
17.3,0,0
17.32,0,0
17.34,0,0
17.36,0,0
17.38,0,0
17.4,0,0
17.42,0,0
17.44,0,0
17.46,0,0
17.48,0,0
17.5,0,0
17.52,0,0
17.54,0,0
17.56,0,0
17.58,0,0
17.6,0,0
17.62,0,0
17.64,0,0
17.66,0,0
17.68,0,0
17.7,0,0
17.72,0,0
17.74,0,0
17.76,0,0
17.78,0,0
17.8,0,0
17.82,0,0
17.84,0,0
17.86,0,0
17.88,0,0
17.9,0,0
17.92,0,0
17.94,0,0
17.96,0,0
17.98,0,0
18,0,0
18.02,0,0
18.04,0,0
18.06,0,0
18.08,0,0
18.1,0,0
18.12,0,0
18.14,0,0
18.16,0,0
18.18,0,0
18.2,0,0
18.22,0,0
18.24,0,0
18.26,0,0
18.28,0,0
18.3,0,0
18.32,0,0
18.34,0,0
18.36,0,0
18.38,0,0
18.4,0,0
18.42,0,0
18.44,0,0
18.46,0,0
18.48,0,0
18.5,0,0
18.52,0,0
18.54,0,0
18.56,0,0
18.58,0,0
18.6,0,0
18.62,0,0
18.64,0,0
18.66,0,0
18.68,0,0
18.7,0,0
18.72,0,0
18.74,0,0
18.76,0,0
18.78,0,0
18.8,0,0
18.82,0,0
18.84,0,0
18.86,0,0
18.88,0,0
18.9,0,0
18.92,0,0
18.94,0,0
18.96,0,0
18.98,0,0
19,0,0
19.02,0,0
19.04,0,0
19.06,0,0
19.08,0,0
19.1,0,0
19.12,0,0
19.14,0,1
19.16,0,1
19.18,0,1
19.2,0,1
19.22,0,1
19.24,0,1
19.26,0,0
19.28,0,0
19.3,0,0
19.32,0,0
19.34,0,0
19.36,0,0
19.38,0,0
19.4,0,0
19.42,0,0
19.44,0,0
19.46,0,0
19.48,0,0
19.5,0,0
19.52,0,0
19.54,0,0
19.56,1,0
19.58,1,0
19.6,1,0
19.62,1,0
19.64,1,0
19.66,1,0
19.68,1,0
19.7,1,0
19.72,1,0
19.74,1,0
19.76,1,0
19.78,1,0
19.8,1,0
19.82,1,0
19.84,1,0
19.86,1,0
19.88,1,0
19.9,1,0
19.92,1,0
19.94,1,0
19.96,1,0
19.98,1,0
20,1,0
20.02,1,0
20.04,1,0
20.06,1,0
20.08,1,0
20.1,1,0
20.12,1,0
20.14,1,0
20.16,1,0
20.18,1,0
20.2,1,0
20.22,1,0
20.24,1,0
20.26,1,0
20.28,1,0
20.3,1,0
20.32,1,0
20.34,1,0
20.36,1,0
20.38,1,0
20.4,1,0
20.42,1,0
20.44,1,0
20.46,1,0
20.48,1,0
20.5,1,0
20.52,1,0
20.54,1,0
20.56,1,0
20.58,1,0
20.6,1,0
20.62,1,0
20.64,1,0
20.66,1,0
20.68,1,0
20.7,1,0
20.72,1,0
20.74,1,0
20.76,1,0
20.78,1,0
20.8,1,0
20.82,1,0
20.84,1,0
20.86,1,0
20.88,1,0
20.9,1,0
20.92,1,0
20.94,1,0
20.96,1,0
20.98,1,0
21,1,0
21.02,1,0
21.04,1,0
21.06,1,0
21.08,1,0
21.1,1,0
21.12,1,0
21.14,1,0
21.16,1,0
21.18,1,0
21.2,1,0
21.22,1,0
21.24,1,0
21.26,1,0
21.28,1,0
21.3,1,0
21.32,1,0
21.34,1,0
21.36,1,0
21.38,1,0
21.4,1,0
21.42,1,0
21.44,1,0
21.46,1,0
21.48,1,0
21.5,1,0
21.52,1,0
21.54,1,0
21.56,1,0
21.58,1,0
21.6,1,0
21.62,1,0
21.64,1,0
21.66,1,0
21.68,1,0
21.7,1,0
21.72,1,0
21.74,1,0
21.76,1,0
21.78,1,0
21.8,1,0
21.82,1,0
21.84,1,0
21.86,1,0
21.88,1,0
21.9,1,0
21.92,1,0
21.94,1,0
21.96,1,0
21.98,1,0
22,1,0
22.02,1,0
22.04,1,0
22.06,1,0
22.08,1,0
22.1,1,0
22.12,1,0
22.14,1,0
22.16,0,0
22.18,0,0
22.2,0,0
22.22,0,0
22.24,0,0
22.26,0,0
22.28,0,0
22.3,0,0
22.32,0,0
22.34,0,0
22.36,0,0
22.38,0,0
22.4,0,0
22.42,0,0
22.44,0,0
22.46,0,0
22.48,0,0
22.5,0,0
22.52,0,0
22.54,0,0
22.56,0,0
22.58,0,0
22.6,0,0
22.62,0,0
22.64,0,0
22.66,0,0
22.68,0,0
22.7,0,0
22.72,0,0
22.74,0,0
22.76,0,0
22.78,0,0
22.8,0,1
22.82,0,1
22.84,0,1
22.86,0,1
22.88,0,1
22.9,0,1
22.92,0,1
22.94,0,1
22.96,0,1
22.98,0,1
23,0,1
23.02,0,1
23.04,0,1
23.06,0,1
23.08,0,1
23.1,0,1
23.12,0,1
23.14,0,1
23.16,0,1
23.18,0,1
23.2,0,1
23.22,0,1
23.24,0,1
23.26,0,1
23.28,0,1
23.3,0,1
23.32,0,1
23.34,0,1
23.36,0,1
23.38,0,1
23.4,0,1
23.42,0,1
23.44,0,1
23.46,0,1
23.48,0,1
23.5,0,1
23.52,0,1
23.54,0,1
23.56,0,1
23.58,0,1
23.6,0,1
23.62,0,1
23.64,0,1
23.66,0,1
23.68,0,1
23.7,0,1
23.72,0,1
23.74,0,1
23.76,0,1
23.78,0,1
23.8,0,1
23.82,0,1
23.84,0,1
23.86,0,1
23.88,0,1
23.9,0,1
23.92,0,1
23.94,0,1
23.96,0,1
23.98,0,1
24,0,1
24.02,0,1
24.04,0,1
24.06,0,1
24.08,0,1
24.1,0,1
24.12,0,1
24.14,0,1
24.16,0,1
24.18,0,1
24.2,0,1
24.22,0,1
24.24,0,1
24.26,0,1
24.28,0,1
24.3,0,1
24.32,0,1
24.34,0,1
24.36,0,1
24.38,0,1
24.4,0,1
24.42,0,1
24.44,0,1
24.46,0,1
24.48,0,1
24.5,0,1
24.52,0,1
24.54,0,1
24.56,0,1
24.58,0,1
24.6,0,1
24.62,0,1
24.64,0,1
24.66,0,1
24.68,0,1
24.7,0,1
24.72,0,1
24.74,0,1
24.76,0,1
24.78,0,1
24.8,0,1
24.82,0,1
24.84,0,1
24.86,0,1
24.88,0,1
24.9,0,0
24.92,0,0
24.94,0,0
24.96,0,0
24.98,0,0
25,0,0
25.02,0,0
25.04,0,0
25.06,0,0
25.08,0,0
25.1,0,0
25.12,0,0
25.14,0,0
25.16,0,0
25.18,0,0
25.2,0,0
25.22,0,1
25.24,0,1
25.26,0,1
25.28,0,1
25.3,0,1
25.32,0,1
25.34,0,1
25.36,0,1
25.38,0,1
25.4,0,1
25.42,0,0
25.44,0,0
25.46,0,0
25.48,0,0
25.5,0,0
25.52,0,0
25.54,0,0
25.56,0,0
25.58,0,0
25.6,0,0
25.62,0,0
25.64,0,0
25.66,0,0
25.68,0,0
25.7,0,0
25.72,0,0
25.74,0,0
25.76,0,0
25.78,0,0
25.8,0,0
25.82,0,0
25.84,0,0
25.86,0,0
25.88,0,0
25.9,0,0
25.92,0,0
25.94,0,0
25.96,0,0
25.98,0,0
26,0,0
26.02,0,0
26.04,0,0
26.06,0,0
26.08,0,0
26.1,0,0
26.12,0,0
26.14,0,0
26.16,0,0
26.18,0,0
26.2,0,0
26.22,0,0
26.24,0,0
26.26,0,0
26.28,0,0
26.3,0,0
26.32,0,0
26.34,0,0
26.36,0,0
26.38,0,0
26.4,0,0
26.42,0,0
26.44,0,0
26.46,0,0
26.48,0,0
26.5,0,0
26.52,0,0
26.54,0,0
26.56,0,0
26.58,0,0
26.6,0,0
26.62,0,0
26.64,0,0
26.66,0,0
26.68,0,0
26.7,0,0
26.72,0,0
26.74,0,0
26.76,0,0
26.78,0,0
26.8,0,0
26.82,0,0
26.84,0,0
26.86,0,0
26.88,0,0
26.9,0,0
26.92,0,0
26.94,0,0
26.96,0,0
26.98,0,0
27,0,0
27.02,0,0
27.04,0,0
27.06,0,0
27.08,0,0
27.1,0,0
27.12,0,0
27.14,0,0
27.16,0,0
27.18,0,0
27.2,0,0
27.22,0,0
27.24,0,0
27.26,0,0
27.28,0,0
27.3,0,0
27.32,0,0
27.34,0,0
27.36,0,0
27.38,0,0
27.4,0,0
27.42,0,0
27.44,0,0
27.46,0,0
27.48,0,0
27.5,0,0
27.52,0,0
27.54,0,0
27.56,0,0
27.58,0,0
27.6,0,0
27.62,0,0
27.64,0,0
27.66,0,0
27.68,0,0
27.7,0,0
27.72,0,0
27.74,0,0
27.76,0,0
27.78,0,0
27.8,0,0
27.82,0,0
27.84,0,0
27.86,0,0
27.88,0,0
27.9,0,0
27.92,0,0
27.94,0,0
27.96,0,0
27.98,0,0
28,0,0
28.02,0,0
28.04,0,0
28.06,0,0
28.08,0,0
28.1,0,0
28.12,0,0
28.14,0,0
28.16,0,0
28.18,0,0
28.2,0,0
28.22,0,0
28.24,0,0
28.26,0,0
28.28,0,0
28.3,0,0
28.32,0,0
28.34,0,0
28.36,0,0
28.38,0,0
28.4,0,0
28.42,0,0
28.44,0,0
28.46,0,0
28.48,0,0
28.5,0,0
28.52,0,0
28.54,0,0
28.56,0,0
28.58,0,0
28.6,0,0
28.62,0,0
28.64,0,0
28.66,0,0
28.68,0,0
28.7,0,0
28.72,0,0
28.74,0,0
28.76,0,0
28.78,0,0
28.8,0,0
28.82,0,0
28.84,0,0
28.86,0,0
28.88,0,0
28.9,0,0
28.92,0,0
28.94,0,0
28.96,0,0
28.98,0,0
29,0,0
29.02,0,0
29.04,0,0
29.06,0,0
29.08,0,0
29.1,0,0
29.12,0,0
29.14,0,0
29.16,0,0
29.18,0,0
29.2,0,0
29.22,0,0
29.24,0,0
29.26,0,0
29.28,0,0
29.3,0,0
29.32,0,0
29.34,0,0
29.36,0,0
29.38,0,0
29.4,0,0
29.42,0,0
29.44,0,0
29.46,0,0
29.48,0,0
29.5,0,0
29.52,0,0
29.54,0,0
29.56,0,0
29.58,0,0
29.6,0,0
29.62,0,0
29.64,0,0
29.66,0,0
29.68,0,0
29.7,0,0
29.72,0,0
29.74,0,0
29.76,0,0
29.78,0,0
29.8,0,0
29.82,0,0
29.84,0,0
29.86,0,0
29.88,0,0
29.9,0,0
29.92,0,0
29.94,0,0
29.96,0,0
29.98,0,0
30,0,0
30.02,0,0
30.04,0,0
30.06,0,0
30.08,0,0
30.1,0,0
30.12,0,0
30.14,0,0
30.16,0,0
30.18,0,0
30.2,0,0
30.22,0,0
30.24,0,0
30.26,0,0
30.28,0,0
30.3,0,0
30.32,0,0
30.34,0,0
30.36,0,0
30.38,0,0
30.4,0,0
30.42,0,0
30.44,0,0
30.46,0,0
30.48,0,0
30.5,0,0
30.52,0,0
30.54,0,0
30.56,0,0
30.58,0,0
30.6,0,0
30.62,0,0
30.64,0,0
30.66,0,0
30.68,0,0
30.7,0,0
30.72,0,0
30.74,0,0
30.76,0,0
30.78,0,0
30.8,0,0
30.82,0,0
30.84,0,0
30.86,0,0
30.88,0,0
30.9,0,0
30.92,0,0
30.94,0,0
30.96,0,0
30.98,0,0
31,0,0
31.02,0,0
31.04,0,0
31.06,0,0
31.08,0,0
31.1,0,0
31.12,0,0
31.14,0,0
31.16,0,0
31.18,0,0
31.2,0,0
31.22,0,0
31.24,0,0
31.26,0,0
31.28,0,0
31.3,0,0
31.32,0,0
31.34,0,0
31.36,0,0
31.38,0,0
31.4,0,0
31.42,0,1
31.44,0,1
31.46,0,1
31.48,0,1
31.5,0,1
31.52,0,1
31.54,0,1
31.56,0,1
31.58,0,1
31.6,0,1
31.62,0,1
31.64,0,1
31.66,0,1
31.68,0,1
31.7,0,1
31.72,1,1
31.74,1,1
31.76,1,1
31.78,1,1
31.8,1,1
31.82,1,1
31.84,1,1
31.86,1,1
31.88,1,1
31.9,1,1
31.92,1,1
31.94,1,1
31.96,1,1
31.98,1,1
32,1,1
32.02,1,1
32.04,1,1
32.06,1,1
32.08,1,1
32.1,1,1
32.12,1,1
32.14,1,1
32.16,1,1
32.18,1,1
32.2,1,1
32.22,1,1
32.24,1,1
32.26,1,1
32.28,0,1
32.3,0,1
32.32,0,1
32.34,0,1
32.36,0,1
32.38,0,0
32.4,0,0
32.42,0,0
32.44,0,0
32.46,0,0
32.48,0,0
32.5,0,0
32.52,0,0
32.54,0,0
32.56,0,0
32.58,0,0
32.6,0,0
32.62,0,0
32.64,0,0
32.66,0,0
32.68,0,0
32.7,0,0
32.72,0,0
32.74,0,0
32.76,0,0
32.78,0,0
32.8,0,0
32.82,0,0
32.84,0,0
32.86,0,0
32.88,0,0
32.9,0,0
32.92,0,0
32.94,0,0
32.96,0,0
32.98,0,0
33,0,0
33.02,0,0
33.04,0,0
33.06,0,0
33.08,0,0
33.1,0,0
33.12,0,0
33.14,0,0
33.16,0,0
33.18,0,0
33.2,0,0
33.22,0,0
33.24,0,0
33.26,0,0
33.28,0,0
33.3,0,0
33.32,0,0
33.34,0,0
33.36,0,0
33.38,0,0
33.4,0,0
33.42,0,0
33.44,0,0
33.46,0,0
33.48,0,0
33.5,0,0
33.52,0,0
33.54,0,0
33.56,0,0
33.58,0,0
33.6,0,0
33.62,0,0
33.64,0,0
33.66,0,0
33.68,0,0
33.7,0,0
33.72,0,0
33.74,0,0
33.76,0,0
33.78,0,0
33.8,0,0
33.82,0,0
33.84,0,0
33.86,0,0
33.88,0,0
33.9,0,0
33.92,0,0
33.94,0,0
33.96,0,0
33.98,0,0
34,0,0
34.02,0,0
34.04,0,0
34.06,0,0
34.08,0,0
34.1,0,0
34.12,0,0
34.14,0,0
34.16,0,0
34.18,0,0
34.2,0,0
34.22,0,0
34.24,0,0
34.26,0,0
34.28,0,0
34.3,0,0
34.32,0,0
34.34,0,0
34.36,0,0
34.38,0,0
34.4,0,0
34.42,0,0
34.44,0,0
34.46,0,0
34.48,0,0
34.5,0,0
34.52,0,0
34.54,0,0
34.56,0,0
34.58,0,0
34.6,0,0
34.62,0,0
34.64,0,0
34.66,0,0
34.68,0,0
34.7,0,0
34.72,0,0
34.74,0,0
34.76,0,0
34.78,0,0
34.8,0,0
34.82,0,0
34.84,0,0
34.86,0,0
34.88,0,0
34.9,0,0
34.92,0,0
34.94,0,0
34.96,0,0
34.98,0,0
35,0,0
35.02,0,0
35.04,0,0
35.06,0,0
35.08,0,0
35.1,0,0
35.12,0,0
35.14,0,0
35.16,0,0
35.18,0,0
35.2,0,0
35.22,0,0
35.24,0,0
35.26,0,0
35.28,0,0
35.3,0,0
35.32,0,0
35.34,0,0
35.36,0,0
35.38,0,0
35.4,0,0
35.42,0,0
35.44,1,0
35.46,1,0
35.48,1,0
35.5,1,0
35.52,1,0
35.54,1,0
35.56,1,0
35.58,1,0
35.6,1,0
35.62,1,0
35.64,1,0
35.66,1,0
35.68,1,0
35.7,1,0
35.72,1,0
35.74,1,0
35.76,1,0
35.78,1,0
35.8,1,0
35.82,1,0
35.84,1,0
35.86,1,0
35.88,1,0
35.9,1,0
35.92,1,0
35.94,1,0
35.96,1,0
35.98,1,0
36,1,0
36.02,1,0
36.04,1,0
36.06,1,0
36.08,1,0
36.1,1,0
36.12,1,0
36.14,1,0
36.16,1,0
36.18,1,0
36.2,1,0
36.22,1,0
36.24,1,0
36.26,1,0
36.28,1,0
36.3,1,0
36.32,1,0
36.34,1,0
36.36,1,0
36.38,1,0
36.4,1,0
36.42,1,0
36.44,1,0
36.46,1,0
36.48,1,0
36.5,1,0
36.52,1,0
36.54,1,0
36.56,1,0
36.58,1,0
36.6,1,0
36.62,1,0
36.64,1,0
36.66,1,0
36.68,0,0
36.7,0,0
36.72,0,0
36.74,0,0
36.76,0,0
36.78,0,0
36.8,0,0
36.82,0,0
36.84,0,0
36.86,0,0
36.88,0,0
36.9,0,0
36.92,0,0
36.94,0,0
36.96,0,0
36.98,0,0
37,0,0
37.02,0,0
37.04,0,0
37.06,0,0
37.08,0,0
37.1,0,0
37.12,0,0
37.14,0,0
37.16,0,0
37.18,0,0
37.2,0,0
37.22,0,0
37.24,0,0
37.26,0,0
37.28,0,0
37.3,0,0
37.32,0,0
37.34,0,0
37.36,0,0
37.38,0,0
37.4,0,0
37.42,0,0
37.44,0,0
37.46,0,0
37.48,0,0
37.5,0,0
37.52,0,0
37.54,0,0
37.56,0,0
37.58,0,0
37.6,0,0
37.62,0,0
37.64,0,0
37.66,0,0
37.68,0,0
37.7,0,0
37.72,0,0
37.74,0,0
37.76,0,0
37.78,0,0
37.8,0,0
37.82,0,0
37.84,0,0
37.86,0,0
37.88,0,0
37.9,0,0
37.92,0,0
37.94,0,0
37.96,0,0
37.98,0,0
38,0,0
38.02,0,0
38.04,0,0
38.06,0,0
38.08,0,0
38.1,0,0
38.12,0,0
38.14,0,0
38.16,0,0
38.18,0,0
38.2,0,0
38.22,0,0
38.24,0,0
38.26,0,0
38.28,0,0
38.3,0,0
38.32,0,0
38.34,0,0
38.36,0,0
38.38,0,0
38.4,0,0
38.42,0,0
38.44,0,0
38.46,0,0
38.48,0,0
38.5,0,0
38.52,0,0
38.54,0,0
38.56,0,0
38.58,0,0
38.6,0,0
38.62,0,0
38.64,0,0
38.66,0,0
38.68,0,0
38.7,0,0
38.72,0,0
38.74,0,0
38.76,0,0
38.78,0,0
38.8,0,0
38.82,0,0
38.84,0,0
38.86,0,0
38.88,0,0
38.9,0,0
38.92,0,0
38.94,0,0
38.96,0,0
38.98,0,0
39,0,0
39.02,0,0
39.04,0,0
39.06,0,0
39.08,0,0
39.1,0,0
39.12,0,0
39.14,0,0
39.16,0,0
39.18,0,0
39.2,0,0
39.22,0,0
39.24,0,0
39.26,0,0
39.28,0,0
39.3,0,0
39.32,0,0
39.34,0,0
39.36,0,0
39.38,0,0
39.4,0,0
39.42,0,0
39.44,0,0
39.46,0,0
39.48,0,0
39.5,0,0
39.52,0,0
39.54,0,0
39.56,0,0
39.58,0,0
39.6,0,0
39.62,0,0
39.64,0,0
39.66,0,0
39.68,0,0
39.7,0,0
39.72,0,0
39.74,0,0
39.76,0,0
39.78,0,0
39.8,0,0
39.82,0,0
39.84,0,0
39.86,0,0
39.88,0,0
39.9,0,0
39.92,0,0
39.94,0,0
39.96,0,0
39.98,0,0
40,0,0
40.02,0,0
40.04,0,0
40.06,0,0
40.08,0,0
40.1,0,0
40.12,0,0
40.14,0,0
40.16,0,0
40.18,0,0
40.2,0,0
40.22,0,0
40.24,0,0
40.26,0,0
40.28,0,0
40.3,0,0
40.32,0,0
40.34,0,0
40.36,0,0
40.38,0,0
40.4,0,0
40.42,0,0
40.44,0,0
40.46,0,0
40.48,0,0
40.5,0,0
40.52,0,0
40.54,0,0
40.56,0,0
40.58,0,0
40.6,0,0
40.62,0,0
40.64,0,0
40.66,0,0
40.68,0,0
40.7,0,0
40.72,0,0
40.74,0,0
40.76,0,0
40.78,0,0
40.8,0,0
40.82,0,0
40.84,0,0
40.86,0,0
40.88,0,1
40.9,0,1
40.92,0,1
40.94,0,1
40.96,0,1
40.98,0,1
41,0,1
41.02,0,1
41.04,0,1
41.06,0,1
41.08,0,1
41.1,0,1
41.12,0,1
41.14,0,1
41.16,0,1
41.18,0,1
41.2,0,1
41.22,0,1
41.24,0,1
41.26,0,1
41.28,0,1
41.3,0,1
41.32,0,1
41.34,0,1
41.36,0,1
41.38,0,1
41.4,0,1
41.42,0,1
41.44,0,1
41.46,0,1
41.48,0,1
41.5,0,1
41.52,0,1
41.54,0,1
41.56,0,1
41.58,0,1
41.6,0,1
41.62,0,1
41.64,0,1
41.66,0,1
41.68,0,1
41.7,0,1
41.72,0,1
41.74,0,1
41.76,0,1
41.78,0,1
41.8,0,1
41.82,0,1
41.84,0,1
41.86,0,1
41.88,0,1
41.9,0,1
41.92,0,1
41.94,0,1
41.96,0,1
41.98,0,1
42,0,1
42.02,0,1
42.04,0,1
42.06,0,1
42.08,0,1
42.1,0,0
42.12,0,0
42.14,0,0
42.16,0,0
42.18,0,0
42.2,0,0
42.22,0,0
42.24,0,0
42.26,0,0
42.28,0,0
42.3,0,0
42.32,0,0
42.34,0,0
42.36,0,0
42.38,0,0
42.4,0,0
42.42,0,0
42.44,0,0
42.46,0,0
42.48,0,0
42.5,0,0
42.52,0,0
42.54,0,0
42.56,0,0
42.58,0,0
42.6,0,0
42.62,0,0
42.64,0,0
42.66,0,0
42.68,0,0
42.7,0,0
42.72,0,0
42.74,0,0
42.76,0,0
42.78,0,0
42.8,0,0
42.82,0,0
42.84,0,1
42.86,0,1
42.88,0,1
42.9,0,1
42.92,0,1
42.94,0,1
42.96,0,1
42.98,0,1
43,0,1
43.02,0,1
43.04,0,1
43.06,0,1
43.08,0,1
43.1,0,1
43.12,0,1
43.14,0,1
43.16,0,1
43.18,0,1
43.2,0,1
43.22,0,1
43.24,0,1
43.26,0,1
43.28,0,1
43.3,0,1
43.32,0,1
43.34,0,1
43.36,0,1
43.38,0,1
43.4,0,1
43.42,0,1
43.44,0,1
43.46,0,1
43.48,0,1
43.5,0,1
43.52,0,1
43.54,0,1
43.56,0,1
43.58,0,1
43.6,0,1
43.62,0,1
43.64,0,1
43.66,0,1
43.68,0,1
43.7,0,1
43.72,0,1
43.74,0,1
43.76,0,1
43.78,0,1
43.8,0,1
43.82,0,1
43.84,0,1
43.86,0,1
43.88,0,1
43.9,0,1
43.92,0,1
43.94,0,1
43.96,0,1
43.98,0,1
44,0,0
44.02,0,0
44.04,0,0
44.06,0,0
44.08,0,0
44.1,0,0
44.12,0,0
44.14,0,0
44.16,0,0
44.18,0,0
44.2,0,0
44.22,0,0
44.24,0,0
44.26,0,0
44.28,0,0
44.3,0,0
44.32,0,0
44.34,0,0
44.36,0,0
44.38,0,0
44.4,0,0
44.42,0,0
44.44,0,0
44.46,0,0
44.48,0,0
44.5,0,0
44.52,0,0
44.54,0,0
44.56,0,0
44.58,0,0
44.6,0,0
44.62,0,0
44.64,0,0
44.66,0,0
44.68,0,0
44.7,0,0
44.72,0,0
44.74,0,0
44.76,0,0
44.78,0,0
44.8,0,0
44.82,0,0
44.84,0,0
44.86,0,0
44.88,0,0
44.9,0,0
44.92,0,0
44.94,0,0
44.96,0,0
44.98,0,0
45,0,0
45.02,0,0
45.04,0,0
45.06,0,0
45.08,0,0
45.1,0,0
45.12,0,0
45.14,0,0
45.16,0,0
45.18,0,0
45.2,0,0
45.22,0,0
45.24,0,0
45.26,0,0
45.28,0,0
45.3,0,0
45.32,0,0
45.34,0,0
45.36,0,0
45.38,0,0
45.4,0,0
45.42,0,0
45.44,0,0
45.46,0,0
45.48,0,0
45.5,0,0
45.52,0,0
45.54,0,0
45.56,0,0
45.58,0,0
45.6,0,0
45.62,0,0
45.64,0,0
45.66,0,0
45.68,0,0
45.7,0,0
45.72,0,0
45.74,0,0
45.76,0,0
45.78,0,0
45.8,0,0
45.82,0,0
45.84,0,0
45.86,0,0
45.88,0,0
45.9,0,0
45.92,0,0
45.94,0,0
45.96,0,0
45.98,0,0
46,0,0
46.02,0,0
46.04,0,0
46.06,0,0
46.08,0,0
46.1,0,0
46.12,0,0
46.14,0,0
46.16,0,0
46.18,0,0
46.2,0,0
46.22,0,0
46.24,0,0
46.26,0,0
46.28,0,0
46.3,0,0
46.32,0,0
46.34,0,0
46.36,0,0
46.38,0,0
46.4,0,0
46.42,0,0
46.44,0,0
46.46,0,0
46.48,0,0
46.5,0,0
46.52,0,0
46.54,0,0
46.56,0,0
46.58,0,0
46.6,0,0
46.62,0,0
46.64,0,0
46.66,0,0
46.68,0,0
46.7,0,0
46.72,0,0
46.74,0,0
46.76,0,0
46.78,0,0
46.8,0,0
46.82,0,0
46.84,0,0
46.86,0,0
46.88,0,0
46.9,0,0
46.92,0,0
46.94,0,0
46.96,0,0
46.98,0,0
47,0,0
47.02,0,0
47.04,0,0
47.06,0,0
47.08,0,0
47.1,0,0
47.12,0,0
47.14,0,0
47.16,0,0
47.18,0,0
47.2,0,0
47.22,0,0
47.24,0,0
47.26,0,0
47.28,0,0
47.3,0,0
47.32,0,0
47.34,0,0
47.36,0,0
47.38,0,0
47.4,0,0
47.42,0,0
47.44,0,0
47.46,0,0
47.48,0,0
47.5,0,0
47.52,0,0
47.54,0,0
47.56,0,0
47.58,0,0
47.6,0,0
47.62,0,0
47.64,0,0
47.66,0,0
47.68,0,0
47.7,0,0
47.72,0,0
47.74,0,0
47.76,0,0
47.78,0,0
47.8,0,0
47.82,0,0
47.84,0,0
47.86,0,0
47.88,0,0
47.9,0,0
47.92,0,0
47.94,0,0
47.96,0,0
47.98,0,0
48,0,0
48.02,0,0
48.04,0,0
48.06,0,0
48.08,0,0
48.1,0,0
48.12,0,0
48.14,0,0
48.16,0,0
48.18,0,0
48.2,0,0
48.22,0,0
48.24,0,0
48.26,0,0
48.28,0,1
48.3,0,1
48.32,0,1
48.34,0,1
48.36,0,1
48.38,0,1
48.4,0,1
48.42,0,1
48.44,0,1
48.46,0,1
48.48,0,1
48.5,0,1
48.52,0,1
48.54,0,1
48.56,0,1
48.58,0,1
48.6,0,1
48.62,0,1
48.64,0,1
48.66,0,1
48.68,0,1
48.7,0,1
48.72,0,1
48.74,0,1
48.76,0,1
48.78,0,1
48.8,0,1
48.82,0,1
48.84,0,1
48.86,0,1
48.88,0,1
48.9,0,1
48.92,0,1
48.94,0,1
48.96,0,1
48.98,0,1
49,0,1
49.02,0,1
49.04,0,1
49.06,0,1
49.08,0,1
49.1,0,1
49.12,0,1
49.14,0,1
49.16,0,1
49.18,0,1
49.2,0,1
49.22,0,1
49.24,0,1
49.26,0,1
49.28,0,1
49.3,0,1
49.32,0,1
49.34,0,1
49.36,0,1
49.38,0,1
49.4,0,1
49.42,0,1
49.44,0,1
49.46,0,1
49.48,0,1
49.5,0,1
49.52,0,1
49.54,0,1
49.56,0,1
49.58,0,1
49.6,0,1
49.62,0,1
49.64,0,1
49.66,0,1
49.68,0,1
49.7,0,1
49.72,0,1
49.74,0,1
49.76,0,1
49.78,0,1
49.8,0,1
49.82,0,1
49.84,0,1
49.86,0,1
49.88,0,1
49.9,0,1
49.92,0,1
49.94,0,1
49.96,0,1
49.98,0,1
50,0,1
50.02,0,1
50.04,0,1
50.06,0,1
50.08,0,1
50.1,0,1
50.12,0,1
50.14,0,1
50.16,0,1
50.18,0,1
50.2,0,1
50.22,0,1
50.24,0,1
50.26,0,1
50.28,0,1
50.3,0,1
50.32,0,1
50.34,0,1
50.36,0,1
50.38,0,1
50.4,0,1
50.42,0,1
50.44,0,1
50.46,0,1
50.48,0,1
50.5,0,1
50.52,0,1
50.54,0,1
50.56,0,1
50.58,0,1
50.6,0,1
50.62,0,1
50.64,0,1
50.66,0,1
50.68,0,1
50.7,0,1
50.72,0,1
50.74,0,1
50.76,0,1
50.78,0,1
50.8,0,1
50.82,0,1
50.84,0,1
50.86,0,1
50.88,0,1
50.9,0,1
50.92,0,1
50.94,0,1
50.96,0,1
50.98,0,1
51,0,1
51.02,0,1
51.04,0,1
51.06,0,1
51.08,0,1
51.1,0,1
51.12,0,1
51.14,0,1
51.16,0,1
51.18,0,1
51.2,0,1
51.22,0,1
51.24,0,1
51.26,0,1
51.28,0,1
51.3,0,1
51.32,0,1
51.34,0,1
51.36,0,1
51.38,0,1
51.4,0,1
51.42,0,1
51.44,0,1
51.46,0,1
51.48,0,1
51.5,0,1
51.52,0,1
51.54,0,1
51.56,0,1
51.58,0,1
51.6,0,1
51.62,0,1
51.64,0,1
51.66,0,1
51.68,0,1
51.7,0,1
51.72,0,1
51.74,0,1
51.76,0,1
51.78,0,1
51.8,0,1
51.82,0,1
51.84,0,1
51.86,0,1
51.88,0,1
51.9,0,1
51.92,0,1
51.94,0,1
51.96,0,1
51.98,0,1
52,0,1
52.02,0,1
52.04,0,1
52.06,0,1
52.08,0,1
52.1,0,1
52.12,0,1
52.14,0,1
52.16,0,1
52.18,0,1
52.2,0,0
52.22,0,0
52.24,0,0
52.26,0,0
52.28,0,0
52.3,0,0
52.32,0,0
52.34,0,0
52.36,0,0
52.38,0,0
52.4,0,0
52.42,0,0
52.44,0,0
52.46,0,0
52.48,0,0
52.5,0,0
52.52,0,0
52.54,0,0
52.56,0,0
52.58,0,0
52.6,0,0
52.62,0,0
52.64,0,0
52.66,0,0
52.68,0,0
52.7,0,0
52.72,0,0
52.74,0,0
52.76,0,0
52.78,0,0
52.8,0,0
52.82,0,0
52.84,0,0
52.86,0,0
52.88,0,0
52.9,0,0
52.92,0,0
52.94,1,0
52.96,1,0
52.98,1,0
53,1,0
53.02,1,0
53.04,1,0
53.06,1,0
53.08,1,0
53.1,1,0
53.12,1,0
53.14,1,0
53.16,1,0
53.18,1,0
53.2,1,0
53.22,1,0
53.24,1,0
53.26,1,0
53.28,1,0
53.3,1,0
53.32,1,0
53.34,1,0
53.36,1,0
53.38,1,0
53.4,1,0
53.42,1,0
53.44,1,0
53.46,1,0
53.48,1,0
53.5,1,0
53.52,1,0
53.54,1,0
53.56,1,0
53.58,1,0
53.6,1,0
53.62,1,0
53.64,1,0
53.66,1,0
53.68,1,0
53.7,1,0
53.72,1,0
53.74,1,0
53.76,1,0
53.78,1,0
53.8,1,0
53.82,1,0
53.84,1,0
53.86,1,0
53.88,1,0
53.9,1,0
53.92,1,0
53.94,1,0
53.96,1,0
53.98,1,0
54,1,0
54.02,1,0
54.04,1,0
54.06,1,0
54.08,1,0
54.1,1,0
54.12,1,0
54.14,1,0
54.16,1,0
54.18,1,0
54.2,1,0
54.22,1,0
54.24,1,0
54.26,1,0
54.28,1,0
54.3,1,0
54.32,1,0
54.34,1,0
54.36,1,0
54.38,1,0
54.4,1,0
54.42,1,0
54.44,1,0
54.46,1,0
54.48,1,0
54.5,1,0
54.52,1,0
54.54,1,0
54.56,1,0
54.58,1,0
54.6,1,0
54.62,1,0
54.64,1,0
54.66,1,0
54.68,1,0
54.7,1,0
54.72,1,0
54.74,1,0
54.76,1,0
54.78,1,0
54.8,1,0
54.82,1,0
54.84,1,0
54.86,1,0
54.88,1,0
54.9,1,0
54.92,1,0
54.94,1,0
54.96,1,0
54.98,1,0
55,1,0
55.02,1,0
55.04,1,0
55.06,1,0
55.08,1,0
55.1,1,0
55.12,1,0
55.14,1,0
55.16,1,0
55.18,1,0
55.2,1,0
55.22,1,0
55.24,1,0
55.26,1,0
55.28,1,0
55.3,1,0
55.32,1,0
55.34,1,0
55.36,1,0
55.38,1,0
55.4,1,0
55.42,1,0
55.44,1,0
55.46,1,0
55.48,1,0
55.5,1,0
55.52,1,0
55.54,1,0
55.56,1,0
55.58,1,0
55.6,1,0
55.62,1,0
55.64,1,0
55.66,1,0
55.68,1,0
55.7,1,0
55.72,1,0
55.74,1,0
55.76,1,0
55.78,1,0
55.8,1,0
55.82,1,0
55.84,1,0
55.86,1,0
55.88,1,0
55.9,1,0
55.92,1,0
55.94,1,0
55.96,1,0
55.98,1,0
56,1,0
56.02,1,0
56.04,1,0
56.06,1,0
56.08,1,0
56.1,1,0
56.12,1,0
56.14,1,0
56.16,1,0
56.18,1,0
56.2,1,0
56.22,1,0
56.24,1,0
56.26,1,0
56.28,1,0
56.3,1,0
56.32,1,0
56.34,1,0
56.36,1,0
56.38,1,0
56.4,1,0
56.42,1,0
56.44,1,0
56.46,1,0
56.48,1,0
56.5,1,0
56.52,1,0
56.54,1,0
56.56,1,0
56.58,1,0
56.6,1,0
56.62,1,0
56.64,1,0
56.66,1,0
56.68,1,0
56.7,1,0
56.72,1,0
56.74,1,0
56.76,1,0
56.78,1,0
56.8,1,0
56.82,1,0
56.84,1,0
56.86,1,0
56.88,1,0
56.9,1,0
56.92,1,0
56.94,1,0
56.96,1,0
56.98,1,0
57,1,0
57.02,1,0
57.04,1,0
57.06,1,0
57.08,1,0
57.1,1,0
57.12,1,0
57.14,1,0
57.16,1,0
57.18,1,0
57.2,1,0
57.22,1,0
57.24,1,0
57.26,1,0
57.28,1,0
57.3,1,0
57.32,1,0
57.34,1,0
57.36,1,0
57.38,1,0
57.4,1,0
57.42,1,0
57.44,1,0
57.46,1,0
57.48,1,0
57.5,1,0
57.52,1,0
57.54,1,0
57.56,1,0
57.58,1,0
57.6,1,0
57.62,1,0
57.64,1,0
57.66,1,0
57.68,1,0
57.7,1,0
57.72,1,0
57.74,1,0
57.76,1,0
57.78,1,0
57.8,1,0
57.82,1,0
57.84,1,0
57.86,1,0
57.88,1,0
57.9,1,0
57.92,1,0
57.94,1,0
57.96,1,0
57.98,1,0
58,1,0
58.02,1,0
58.04,1,0
58.06,1,0
58.08,1,0
58.1,1,0
58.12,1,0
58.14,1,0
58.16,1,0
58.18,1,0
58.2,1,0
58.22,1,0
58.24,1,0
58.26,1,0
58.28,1,0
58.3,1,0
58.32,1,0
58.34,1,0
58.36,1,0
58.38,1,0
58.4,1,0
58.42,1,0
58.44,1,0
58.46,1,0
58.48,1,0
58.5,1,0
58.52,1,0
58.54,1,0
58.56,1,0
58.58,1,0
58.6,1,0
58.62,1,0
58.64,1,0
58.66,1,0
58.68,1,0
58.7,1,0
58.72,1,0
58.74,1,0
58.76,1,0
58.78,1,0
58.8,1,0
58.82,1,0
58.84,1,0
58.86,1,0
58.88,1,0
58.9,1,0
58.92,1,0
58.94,1,0
58.96,1,0
58.98,1,0
59,1,0
59.02,1,0
59.04,1,0
59.06,1,0
59.08,1,0
59.1,1,0
59.12,1,0
59.14,1,0
59.16,1,0
59.18,1,0
59.2,1,0
59.22,1,0
59.24,1,0
59.26,1,0
59.28,0,0
59.3,0,0
59.32,0,0
59.34,0,0
59.36,0,0
59.38,0,0
59.4,0,0
59.42,0,0
59.44,0,0
59.46,0,0
59.48,0,0
59.5,0,0
59.52,0,0
59.54,0,0
59.56,0,0
59.58,1,0
59.6,0,1
59.62,0,1
59.64,0,1
59.66,0,1
59.68,0,1
59.7,0,1
59.72,0,1
59.74,0,1
59.76,0,1
59.78,0,1
59.8,0,1
59.82,0,1
59.84,0,1
59.86,0,1
59.88,0,1
59.9,0,1
59.92,0,1
59.94,0,1
59.96,0,1
59.98,0,0
60,0,0
60.02,0,0
60.04,0,0
60.06,0,0
60.08,0,0
60.1,0,0
60.12,0,0
60.14,0,0
60.16,0,0
60.18,0,0
60.2,0,0
60.22,0,0
60.24,0,0
60.26,0,0
60.28,0,0
60.3,0,0
60.32,0,0
60.34,0,0
60.36,0,0
60.38,0,0
60.4,0,0
60.42,0,0
60.44,0,0
60.46,0,0
60.48,0,0
60.5,0,0
60.52,0,0
60.54,0,0
60.56,0,0
60.58,0,0
60.6,0,0
60.62,0,0
60.64,0,0
60.66,0,0
60.68,0,0
60.7,0,0
60.72,0,0
60.74,0,0
60.76,0,0
60.78,0,0
60.8,0,0
60.82,0,0
60.84,0,0
60.86,0,0
60.88,0,0
60.9,0,0
60.92,0,0
60.94,0,0
60.96,0,0
60.98,0,0
61,0,0
61.02,0,0
61.04,0,0
61.06,0,0
61.08,0,0
61.1,0,0
61.12,0,0
61.14,0,0
61.16,0,0
61.18,0,0
61.2,0,0
61.22,0,0
61.24,0,0
61.26,0,0
61.28,0,0
61.3,0,0
61.32,0,0
61.34,0,0
61.36,0,0
61.38,0,0
61.4,0,0
61.42,0,0
61.44,0,0
61.46,0,0
61.48,0,0
61.5,0,0
61.52,0,0
61.54,0,0
61.56,0,0
61.58,0,0
61.6,0,0
61.62,0,0
61.64,0,0
61.66,0,0
61.68,0,0
61.7,0,0
61.72,0,0
61.74,0,0
61.76,0,0
61.78,0,0
61.8,0,0
61.82,0,0
61.84,0,0
61.86,0,0
61.88,0,0
61.9,0,0
61.92,0,0
61.94,0,0
61.96,0,0
61.98,0,0
62,0,0
62.02,0,0
62.04,0,0
62.06,0,0
62.08,0,0
62.1,0,0
62.12,0,0
62.14,0,0
62.16,0,0
62.18,0,0
62.2,0,0
62.22,0,0
62.24,0,0
62.26,0,0
62.28,0,0
62.3,0,0
62.32,0,0
62.34,0,0
62.36,0,0
62.38,0,0
62.4,0,0
62.42,0,0
62.44,0,0
62.46,0,0
62.48,0,0
62.5,0,0
62.52,0,0
62.54,0,0
62.56,0,0
62.58,0,0
62.6,0,0
62.62,0,0
62.64,0,0
62.66,0,0
62.68,0,0
62.7,0,0
62.72,0,0
62.74,0,0
62.76,0,0
62.78,0,0
62.8,0,0
62.82,0,0
62.84,0,0
62.86,0,0
62.88,0,0
62.9,0,0
62.92,0,0
62.94,0,0
62.96,0,0
62.98,0,0
63,0,0
63.02,0,0
63.04,0,0
63.06,0,0
63.08,0,0
63.1,0,0
63.12,0,0
63.14,0,0
63.16,0,0
63.18,0,0
63.2,0,0
63.22,0,0
63.24,0,0
63.26,0,0
63.28,0,0
63.3,0,0
63.32,0,0
63.34,0,0
63.36,0,0
63.38,0,0
63.4,0,0
63.42,0,0
63.44,0,0
63.46,0,0
63.48,0,0
63.5,0,0
63.52,0,0
63.54,0,0
63.56,0,0
63.58,0,0
63.6,0,0
63.62,0,0
63.64,0,1
63.66,0,1
63.68,0,1
63.7,0,1
63.72,0,1
63.74,0,1
63.76,0,1
63.78,0,1
63.8,0,1
63.82,0,1
63.84,0,1
63.86,0,1
63.88,0,1
63.9,0,1
63.92,0,1
63.94,0,1
63.96,0,1
63.98,0,1
64,0,1
64.02,0,1
64.04,0,1
64.06,0,1
64.08,0,1
64.1,0,1
64.12,0,1
64.14,0,0
64.16,0,0
64.18,0,0
64.2,0,0
64.22,0,0
64.24,0,0
64.26,0,0
64.28,0,0
64.3,0,0
64.32,0,0
64.34,0,0
64.36,0,0
64.38,0,0
64.4,0,0
64.42,0,0
64.44,0,0
64.46,0,0
64.48,0,0
64.5,0,0
64.52,0,0
64.54,0,0
64.56,0,0
64.58,0,0
64.6,0,0
64.62,0,0
64.64,0,0
64.66,0,0
64.68,0,0
64.7,0,0
64.72,0,0
64.74,0,0
64.76,0,0
64.78,0,0
64.8,0,0
64.82,0,0
64.84,0,0
64.86,0,0
64.88,0,0
64.9,0,0
64.92,0,0
64.94,0,0
64.96,0,0
64.98,0,0
65,0,0
65.02,0,0
65.04,0,0
65.06,0,0
65.08,0,0
65.1,0,0
65.12,0,0
65.14,0,0
65.16,0,0
65.18,0,0
65.2,0,0
65.22,0,0
65.24,0,0
65.26,0,0
65.28,0,0
65.3,0,0
65.32,0,0
65.34,0,0
65.36,0,0
65.38,0,0
65.4,0,0
65.42,0,0
65.44,0,0
65.46,0,0
65.48,0,0
65.5,0,0
65.52,0,0
65.54,0,0
65.56,0,0
65.58,0,0
65.6,0,0
65.62,0,0
65.64,0,0
65.66,0,0
65.68,0,0
65.7,0,0
65.72,0,0
65.74,0,0
65.76,0,0
65.78,0,0
65.8,0,0
65.82,0,0
65.84,0,0
65.86,0,0
65.88,0,0
65.9,0,0
65.92,0,0
65.94,0,0
65.96,0,0
65.98,0,0
66,0,0
66.02,0,0
66.04,0,0
66.06,0,0
66.08,0,0
66.1,0,0
66.12,0,0
66.14,0,0
66.16,0,0
66.18,0,1
66.2,0,1
66.22,0,1
66.24,0,1
66.26,0,1
66.28,0,1
66.3,0,1
66.32,0,1
66.34,0,1
66.36,0,1
66.38,0,1
66.4,0,1
66.42,0,1
66.44,0,0
66.46,0,0
66.48,0,0
66.5,0,0
66.52,0,0
66.54,0,0
66.56,0,0
66.58,0,0
66.6,0,0
66.62,0,0
66.64,0,0
66.66,0,0
66.68,0,0
66.7,0,0
66.72,0,0
66.74,0,0
66.76,0,0
66.78,0,0
66.8,0,0
66.82,0,0
66.84,0,0
66.86,0,0
66.88,0,0
66.9,0,0
66.92,0,0
66.94,0,0
66.96,0,0
66.98,0,0
67,0,0
67.02,0,0
67.04,0,0
67.06,0,0
67.08,0,0
67.1,0,0
67.12,0,0
67.14,0,0
67.16,0,0
67.18,0,0
67.2,0,0
67.22,0,0
67.24,0,0
67.26,0,0
67.28,0,0
67.3,0,0
67.32,0,0
67.34,0,0
67.36,0,0
67.38,0,0
67.4,0,0
67.42,0,0
67.44,0,0
67.46,0,0
67.48,0,0
67.5,0,0
67.52,0,0
67.54,0,0
67.56,0,0
67.58,0,0
67.6,0,0
67.62,0,0
67.64,0,0
67.66,0,0
67.68,0,0
67.7,0,0
67.72,0,0
67.74,0,0
67.76,0,0
67.78,0,0
67.8,0,0
67.82,0,0
67.84,0,0
67.86,0,0
67.88,0,0
67.9,0,0
67.92,0,0
67.94,0,0
67.96,0,0
67.98,0,0
68,0,0
68.02,0,0
68.04,0,0
68.06,0,0
68.08,0,0
68.1,0,0
68.12,0,0
68.14,0,0
68.16,0,0
68.18,0,0
68.2,0,0
68.22,0,0
68.24,0,0
68.26,0,0
68.28,0,0
68.3,0,0
68.32,0,0
68.34,0,0
68.36,0,0
68.38,0,0
68.4,0,0
68.42,0,0
68.44,0,0
68.46,0,0
68.48,0,0
68.5,0,0
68.52,0,0
68.54,0,0
68.56,0,0
68.58,0,0
68.6,0,0
68.62,0,0
68.64,0,0
68.66,0,0
68.68,0,0
68.7,0,0
68.72,0,0
68.74,0,0
68.76,0,0
68.78,0,0
68.8,0,0
68.82,0,0
68.84,0,0
68.86,0,0
68.88,0,0
68.9,0,0
68.92,0,0
68.94,0,0
68.96,0,0
68.98,0,0
69,0,0
69.02,0,0
69.04,0,0
69.06,0,0
69.08,0,0
69.1,0,0
69.12,0,0
69.14,0,0
69.16,0,0
69.18,0,0
69.2,0,0
69.22,0,0
69.24,0,0
69.26,0,0
69.28,0,0
69.3,0,0
69.32,0,0
69.34,0,0
69.36,0,0
69.38,0,0
69.4,0,0
69.42,0,0
69.44,0,0
69.46,0,0
69.48,0,0
69.5,0,0
69.52,0,0
69.54,0,0
69.56,0,0
69.58,0,0
69.6,0,0
69.62,0,0
69.64,0,0
69.66,0,0
69.68,0,0
69.7,0,0
69.72,0,0
69.74,0,0
69.76,0,0
69.78,0,0
69.8,0,0
69.82,0,0
69.84,0,0
69.86,0,0
69.88,0,0
69.9,0,0
69.92,0,0
69.94,0,0
69.96,0,0
69.98,0,0
70,0,0
70.02,0,0
70.04,0,0
70.06,0,0
70.08,0,0
70.1,0,0
70.12,0,0
70.14,0,0
70.16,0,0
70.18,0,0
70.2,0,0
70.22,0,0
70.24,0,0
70.26,0,0
70.28,0,0
70.3,0,0
70.32,0,0
70.34,0,0
70.36,0,0
70.38,0,0
70.4,0,0
70.42,0,0
70.44,0,0
70.46,0,0
70.48,0,0
70.5,0,0
70.52,0,0
70.54,0,0
70.56,0,0
70.58,0,0
70.6,0,0
70.62,0,0
70.64,0,0
70.66,0,0
70.68,0,0
70.7,0,0
70.72,0,0
70.74,0,0
70.76,0,0
70.78,0,0
70.8,0,0
70.82,0,0
70.84,0,0
70.86,0,0
70.88,0,1
70.9,0,1
70.92,0,1
70.94,0,1
70.96,0,1
70.98,0,1
71,0,1
71.02,0,1
71.04,0,1
71.06,0,1
71.08,0,1
71.1,0,1
71.12,0,1
71.14,0,1
71.16,0,1
71.18,0,1
71.2,0,1
71.22,0,1
71.24,0,1
71.26,0,1
71.28,0,1
71.3,0,1
71.32,0,1
71.34,0,1
71.36,0,1
71.38,0,1
71.4,0,0
71.42,0,1
71.44,0,1
71.46,0,1
71.48,0,1
71.5,0,1
71.52,0,1
71.54,0,1
71.56,0,1
71.58,0,1
71.6,0,1
71.62,0,1
71.64,0,1
71.66,0,1
71.68,0,1
71.7,0,1
71.72,0,1
71.74,0,1
71.76,0,1
71.78,0,1
71.8,0,1
71.82,0,1
71.84,0,1
71.86,0,1
71.88,0,1
71.9,0,1
71.92,0,1
71.94,0,1
71.96,0,1
71.98,0,1
72,0,1
72.02,0,1
72.04,0,1
72.06,0,1
72.08,0,1
72.1,0,1
72.12,0,1
72.14,0,1
72.16,0,1
72.18,0,1
72.2,0,1
72.22,0,1
72.24,0,1
72.26,0,1
72.28,0,1
72.3,0,1
72.32,0,1
72.34,0,1
72.36,0,1
72.38,0,1
72.4,0,1
72.42,0,1
72.44,0,1
72.46,0,1
72.48,0,1
72.5,0,1
72.52,0,1
72.54,0,1
72.56,0,1
72.58,0,1
72.6,0,1
72.62,0,1
72.64,0,1
72.66,0,1
72.68,0,1
72.7,0,1
72.72,0,1
72.74,0,1
72.76,0,1
72.78,0,1
72.8,0,1
72.82,0,1
72.84,0,1
72.86,0,1
72.88,0,1
72.9,0,1
72.92,0,0
72.94,0,0
72.96,0,0
72.98,0,0
73,0,0
73.02,0,0
73.04,0,0
73.06,0,0
73.08,0,0
73.1,0,0
73.12,0,0
73.14,0,0
73.16,1,0
73.18,1,0
73.2,1,0
73.22,1,0
73.24,1,0
73.26,1,0
73.28,1,0
73.3,1,0
73.32,1,0
73.34,1,0
73.36,1,0
73.38,1,0
73.4,1,0
73.42,1,0
73.44,1,0
73.46,1,0
73.48,1,0
73.5,1,0
73.52,1,0
73.54,1,0
73.56,1,0
73.58,1,0
73.6,1,0
73.62,1,0
73.64,1,0
73.66,1,0
73.68,1,0
73.7,1,0
73.72,1,0
73.74,0,0
73.76,0,0
73.78,0,0
73.8,0,0
73.82,0,0
73.84,0,0
73.86,0,0
73.88,0,0
73.9,0,0
73.92,0,0
73.94,0,0
73.96,0,0
73.98,0,0
74,0,0
74.02,0,0
74.04,0,0
74.06,0,0
74.08,0,0
74.1,0,0
74.12,0,0
74.14,0,0
74.16,0,0
74.18,0,0
74.2,0,0
74.22,0,0
74.24,0,0
74.26,0,0
74.28,0,0
74.3,0,0
74.32,0,0
74.34,0,0
74.36,0,0
74.38,0,0
74.4,0,0
74.42,0,0
74.44,0,0
74.46,0,0
74.48,0,0
74.5,0,0
74.52,0,0
74.54,0,0
74.56,0,0
74.58,0,0
74.6,0,0
74.62,0,0
74.64,0,0
74.66,0,0
74.68,0,0
74.7,0,0
74.72,0,0
74.74,0,0
74.76,0,0
74.78,0,0
74.8,0,0
74.82,0,0
74.84,0,0
74.86,0,0
74.88,0,0
74.9,0,0
74.92,0,0
74.94,0,0
74.96,0,0
74.98,0,0
75,0,0
75.02,0,0
75.04,0,0
75.06,0,0
75.08,1,0
75.1,1,0
75.12,1,0
75.14,1,0
75.16,1,0
75.18,1,0
75.2,1,0
75.22,0,0
75.24,0,0
75.26,0,0
75.28,0,0
75.3,0,0
75.32,0,0
75.34,0,0
75.36,0,0
75.38,0,0
75.4,0,0
75.42,0,0
75.44,0,0
75.46,0,0
75.48,0,0
75.5,0,0
75.52,0,0
75.54,0,0
75.56,0,0
75.58,0,0
75.6,0,0
75.62,0,0
75.64,0,0
75.66,0,0
75.68,0,1
75.7,0,1
75.72,0,1
75.74,0,1
75.76,0,1
75.78,0,1
75.8,0,1
75.82,0,1
75.84,0,1
75.86,0,1
75.88,0,1
75.9,0,1
75.92,0,1
75.94,0,1
75.96,0,1
75.98,0,1
76,0,1
76.02,0,1
76.04,0,1
76.06,0,1
76.08,0,1
76.1,0,1
76.12,0,1
76.14,0,1
76.16,0,1
76.18,0,1
76.2,0,1
76.22,0,1
76.24,0,1
76.26,0,1
76.28,0,1
76.3,0,1
76.32,0,1
76.34,0,1
76.36,0,1
76.38,0,1
76.4,0,1
76.42,0,1
76.44,0,1
76.46,0,1
76.48,0,1
76.5,0,1
76.52,0,1
76.54,0,1
76.56,0,1
76.58,0,1
76.6,0,1
76.62,0,1
76.64,0,1
76.66,0,1
76.68,0,1
76.7,0,1
76.72,0,1
76.74,0,1
76.76,0,1
76.78,0,1
76.8,0,1
76.82,0,1
76.84,0,1
76.86,0,1
76.88,0,1
76.9,0,1
76.92,0,1
76.94,0,1
76.96,0,1
76.98,0,1
77,0,1
77.02,0,1
77.04,0,1
77.06,0,1
77.08,0,1
77.1,0,1
77.12,0,1
77.14,0,1
77.16,0,1
77.18,0,1
77.2,0,1
77.22,0,1
77.24,0,1
77.26,0,1
77.28,0,1
77.3,0,1
77.32,0,1
77.34,0,1
77.36,0,1
77.38,0,1
77.4,0,1
77.42,0,1
77.44,0,1
77.46,0,1
77.48,0,1
77.5,0,1
77.52,0,1
77.54,0,1
77.56,0,1
77.58,0,1
77.6,0,1
77.62,0,1
77.64,0,1
77.66,0,1
77.68,0,1
77.7,0,1
77.72,0,1
77.74,0,1
77.76,0,1
77.78,0,1
77.8,0,1
77.82,0,1
77.84,0,1
77.86,0,1
77.88,0,1
77.9,0,1
77.92,0,1
77.94,0,1
77.96,0,1
77.98,0,1
78,0,1
